2024-10-06 20:05:43,998 [Worker-2: Loading available Gradle versions] INFO  o.e.b.c.i.u.g.PublishedGradleVersions - Gradle version information cache is out-of-date. Trying to update.
2024-10-06 20:06:58,893 [Worker-4: Importing Maven projects] INFO  o.e.m.c.i.l.LifecycleMappingFactory - Using org.eclipse.m2e.jdt.JarLifecycleMapping lifecycle mapping for MavenProject: com.joaoldantasn:dscatalog:0.0.1-SNAPSHOT @ D:\devsuperior\expert\modulo1\projeto\dscatalog\pom.xml.
2024-10-06 20:06:59,238 [Worker-4: Importing Maven projects] INFO  o.e.m.c.i.e.AbstractTransferListenerAdapter - Downloading https://repo.maven.apache.org/maven2/org/springframework/boot/spring-boot-starter-data-jpa/3.3.4/spring-boot-starter-data-jpa-3.3.4.pom
2024-10-06 20:06:59,266 [Worker-4: Importing Maven projects] INFO  o.e.m.c.i.e.AbstractTransferListenerAdapter - Downloaded https://repo.maven.apache.org/maven2/org/springframework/boot/spring-boot-starter-data-jpa/3.3.4/spring-boot-starter-data-jpa-3.3.4.pom
2024-10-06 20:06:59,405 [Worker-4: Importing Maven projects] INFO  o.e.m.c.i.e.AbstractTransferListenerAdapter - Downloading https://repo.maven.apache.org/maven2/org/springframework/boot/spring-boot-starter-aop/3.3.4/spring-boot-starter-aop-3.3.4.pom
2024-10-06 20:06:59,427 [Worker-4: Importing Maven projects] INFO  o.e.m.c.i.e.AbstractTransferListenerAdapter - Downloaded https://repo.maven.apache.org/maven2/org/springframework/boot/spring-boot-starter-aop/3.3.4/spring-boot-starter-aop-3.3.4.pom
2024-10-06 20:06:59,681 [Worker-4: Importing Maven projects] INFO  o.e.m.c.i.e.AbstractTransferListenerAdapter - Downloading https://repo.maven.apache.org/maven2/org/springframework/boot/spring-boot-starter-jdbc/3.3.4/spring-boot-starter-jdbc-3.3.4.pom
2024-10-06 20:06:59,703 [Worker-4: Importing Maven projects] INFO  o.e.m.c.i.e.AbstractTransferListenerAdapter - Downloaded https://repo.maven.apache.org/maven2/org/springframework/boot/spring-boot-starter-jdbc/3.3.4/spring-boot-starter-jdbc-3.3.4.pom
2024-10-06 20:06:59,744 [Worker-4: Importing Maven projects] INFO  o.e.m.c.i.e.AbstractTransferListenerAdapter - Downloading https://repo.maven.apache.org/maven2/org/springframework/spring-jdbc/6.1.13/spring-jdbc-6.1.13.pom
2024-10-06 20:06:59,782 [Worker-4: Importing Maven projects] INFO  o.e.m.c.i.e.AbstractTransferListenerAdapter - Downloaded https://repo.maven.apache.org/maven2/org/springframework/spring-jdbc/6.1.13/spring-jdbc-6.1.13.pom
2024-10-06 20:06:59,816 [Worker-4: Importing Maven projects] INFO  o.e.m.c.i.e.AbstractTransferListenerAdapter - Downloading https://repo.maven.apache.org/maven2/org/hibernate/orm/hibernate-core/6.5.3.Final/hibernate-core-6.5.3.Final.pom
2024-10-06 20:06:59,837 [Worker-4: Importing Maven projects] INFO  o.e.m.c.i.e.AbstractTransferListenerAdapter - Downloaded https://repo.maven.apache.org/maven2/org/hibernate/orm/hibernate-core/6.5.3.Final/hibernate-core-6.5.3.Final.pom
2024-10-06 20:07:00,065 [Worker-4: Importing Maven projects] INFO  o.e.m.c.i.e.AbstractTransferListenerAdapter - Downloading https://repo.maven.apache.org/maven2/org/springframework/data/spring-data-jpa/3.3.4/spring-data-jpa-3.3.4.pom
2024-10-06 20:07:00,088 [Worker-4: Importing Maven projects] INFO  o.e.m.c.i.e.AbstractTransferListenerAdapter - Downloaded https://repo.maven.apache.org/maven2/org/springframework/data/spring-data-jpa/3.3.4/spring-data-jpa-3.3.4.pom
2024-10-06 20:07:00,122 [Worker-4: Importing Maven projects] INFO  o.e.m.c.i.e.AbstractTransferListenerAdapter - Downloading https://repo.maven.apache.org/maven2/org/springframework/data/spring-data-jpa-parent/3.3.4/spring-data-jpa-parent-3.3.4.pom
2024-10-06 20:07:00,161 [Worker-4: Importing Maven projects] INFO  o.e.m.c.i.e.AbstractTransferListenerAdapter - Downloaded https://repo.maven.apache.org/maven2/org/springframework/data/spring-data-jpa-parent/3.3.4/spring-data-jpa-parent-3.3.4.pom
2024-10-06 20:07:00,201 [Worker-4: Importing Maven projects] INFO  o.e.m.c.i.e.AbstractTransferListenerAdapter - Downloading https://repo.maven.apache.org/maven2/org/springframework/data/build/spring-data-parent/3.3.4/spring-data-parent-3.3.4.pom
2024-10-06 20:07:00,246 [Worker-4: Importing Maven projects] INFO  o.e.m.c.i.e.AbstractTransferListenerAdapter - Downloaded https://repo.maven.apache.org/maven2/org/springframework/data/build/spring-data-parent/3.3.4/spring-data-parent-3.3.4.pom
2024-10-06 20:07:00,296 [Worker-4: Importing Maven projects] INFO  o.e.m.c.i.e.AbstractTransferListenerAdapter - Downloading https://repo.maven.apache.org/maven2/org/springframework/data/build/spring-data-build/3.3.4/spring-data-build-3.3.4.pom
2024-10-06 20:07:00,334 [Worker-4: Importing Maven projects] INFO  o.e.m.c.i.e.AbstractTransferListenerAdapter - Downloaded https://repo.maven.apache.org/maven2/org/springframework/data/build/spring-data-build/3.3.4/spring-data-build-3.3.4.pom
2024-10-06 20:07:00,387 [Worker-4: Importing Maven projects] INFO  o.e.m.c.i.e.AbstractTransferListenerAdapter - Downloading https://repo.maven.apache.org/maven2/org/springframework/data/spring-data-commons/3.3.4/spring-data-commons-3.3.4.pom
2024-10-06 20:07:00,410 [Worker-4: Importing Maven projects] INFO  o.e.m.c.i.e.AbstractTransferListenerAdapter - Downloaded https://repo.maven.apache.org/maven2/org/springframework/data/spring-data-commons/3.3.4/spring-data-commons-3.3.4.pom
2024-10-06 20:07:00,442 [Worker-4: Importing Maven projects] INFO  o.e.m.c.i.e.AbstractTransferListenerAdapter - Downloading https://repo.maven.apache.org/maven2/org/springframework/spring-orm/6.1.13/spring-orm-6.1.13.pom
2024-10-06 20:07:00,465 [Worker-4: Importing Maven projects] INFO  o.e.m.c.i.e.AbstractTransferListenerAdapter - Downloaded https://repo.maven.apache.org/maven2/org/springframework/spring-orm/6.1.13/spring-orm-6.1.13.pom
2024-10-06 20:07:00,508 [Worker-4: Importing Maven projects] INFO  o.e.m.c.i.e.AbstractTransferListenerAdapter - Downloading https://repo.maven.apache.org/maven2/org/springframework/spring-aspects/6.1.13/spring-aspects-6.1.13.pom
2024-10-06 20:07:00,549 [Worker-4: Importing Maven projects] INFO  o.e.m.c.i.e.AbstractTransferListenerAdapter - Downloaded https://repo.maven.apache.org/maven2/org/springframework/spring-aspects/6.1.13/spring-aspects-6.1.13.pom
2024-10-06 20:07:00,978 [AetherRepositoryConnector-repo.maven.apache.org-0-1] INFO  o.e.m.c.i.e.AbstractTransferListenerAdapter - Downloading https://repo.maven.apache.org/maven2/org/springframework/boot/spring-boot-starter-aop/3.3.4/spring-boot-starter-aop-3.3.4.jar
2024-10-06 20:07:00,999 [AetherRepositoryConnector-repo.maven.apache.org-0-2] INFO  o.e.m.c.i.e.AbstractTransferListenerAdapter - Downloading https://repo.maven.apache.org/maven2/org/springframework/boot/spring-boot-starter-jdbc/3.3.4/spring-boot-starter-jdbc-3.3.4.jar
2024-10-06 20:07:00,999 [AetherRepositoryConnector-repo.maven.apache.org-0-0] INFO  o.e.m.c.i.e.AbstractTransferListenerAdapter - Downloading https://repo.maven.apache.org/maven2/org/springframework/boot/spring-boot-starter-data-jpa/3.3.4/spring-boot-starter-data-jpa-3.3.4.jar
2024-10-06 20:07:00,999 [AetherRepositoryConnector-repo.maven.apache.org-0-3] INFO  o.e.m.c.i.e.AbstractTransferListenerAdapter - Downloading https://repo.maven.apache.org/maven2/org/springframework/spring-jdbc/6.1.13/spring-jdbc-6.1.13.jar
2024-10-06 20:07:01,001 [AetherRepositoryConnector-repo.maven.apache.org-0-4] INFO  o.e.m.c.i.e.AbstractTransferListenerAdapter - Downloading https://repo.maven.apache.org/maven2/org/hibernate/orm/hibernate-core/6.5.3.Final/hibernate-core-6.5.3.Final.jar
2024-10-06 20:07:01,052 [AetherRepositoryConnector-repo.maven.apache.org-0-1] INFO  o.e.m.c.i.e.AbstractTransferListenerAdapter - Downloaded https://repo.maven.apache.org/maven2/org/springframework/boot/spring-boot-starter-aop/3.3.4/spring-boot-starter-aop-3.3.4.jar
2024-10-06 20:07:01,075 [AetherRepositoryConnector-repo.maven.apache.org-0-2] INFO  o.e.m.c.i.e.AbstractTransferListenerAdapter - Downloaded https://repo.maven.apache.org/maven2/org/springframework/boot/spring-boot-starter-jdbc/3.3.4/spring-boot-starter-jdbc-3.3.4.jar
2024-10-06 20:07:01,075 [AetherRepositoryConnector-repo.maven.apache.org-0-0] INFO  o.e.m.c.i.e.AbstractTransferListenerAdapter - Downloaded https://repo.maven.apache.org/maven2/org/springframework/boot/spring-boot-starter-data-jpa/3.3.4/spring-boot-starter-data-jpa-3.3.4.jar
2024-10-06 20:07:01,142 [AetherRepositoryConnector-repo.maven.apache.org-0-1] INFO  o.e.m.c.i.e.AbstractTransferListenerAdapter - Downloading https://repo.maven.apache.org/maven2/org/springframework/data/spring-data-jpa/3.3.4/spring-data-jpa-3.3.4.jar
2024-10-06 20:07:01,175 [AetherRepositoryConnector-repo.maven.apache.org-0-0] INFO  o.e.m.c.i.e.AbstractTransferListenerAdapter - Downloading https://repo.maven.apache.org/maven2/org/springframework/spring-orm/6.1.13/spring-orm-6.1.13.jar
2024-10-06 20:07:01,184 [AetherRepositoryConnector-repo.maven.apache.org-0-2] INFO  o.e.m.c.i.e.AbstractTransferListenerAdapter - Downloading https://repo.maven.apache.org/maven2/org/springframework/data/spring-data-commons/3.3.4/spring-data-commons-3.3.4.jar
2024-10-06 20:07:01,250 [AetherRepositoryConnector-repo.maven.apache.org-0-3] INFO  o.e.m.c.i.e.AbstractTransferListenerAdapter - Downloaded https://repo.maven.apache.org/maven2/org/springframework/spring-jdbc/6.1.13/spring-jdbc-6.1.13.jar
2024-10-06 20:07:01,362 [AetherRepositoryConnector-repo.maven.apache.org-0-3] INFO  o.e.m.c.i.e.AbstractTransferListenerAdapter - Downloading https://repo.maven.apache.org/maven2/org/springframework/spring-aspects/6.1.13/spring-aspects-6.1.13.jar
2024-10-06 20:07:01,366 [AetherRepositoryConnector-repo.maven.apache.org-0-0] INFO  o.e.m.c.i.e.AbstractTransferListenerAdapter - Downloaded https://repo.maven.apache.org/maven2/org/springframework/spring-orm/6.1.13/spring-orm-6.1.13.jar
2024-10-06 20:07:01,490 [AetherRepositoryConnector-repo.maven.apache.org-0-3] INFO  o.e.m.c.i.e.AbstractTransferListenerAdapter - Downloaded https://repo.maven.apache.org/maven2/org/springframework/spring-aspects/6.1.13/spring-aspects-6.1.13.jar
2024-10-06 20:07:01,689 [AetherRepositoryConnector-repo.maven.apache.org-0-1] INFO  o.e.m.c.i.e.AbstractTransferListenerAdapter - Downloaded https://repo.maven.apache.org/maven2/org/springframework/data/spring-data-jpa/3.3.4/spring-data-jpa-3.3.4.jar
2024-10-06 20:07:01,737 [AetherRepositoryConnector-repo.maven.apache.org-0-2] INFO  o.e.m.c.i.e.AbstractTransferListenerAdapter - Downloaded https://repo.maven.apache.org/maven2/org/springframework/data/spring-data-commons/3.3.4/spring-data-commons-3.3.4.jar
2024-10-06 20:07:02,566 [AetherRepositoryConnector-repo.maven.apache.org-0-4] INFO  o.e.m.c.i.e.AbstractTransferListenerAdapter - Downloaded https://repo.maven.apache.org/maven2/org/hibernate/orm/hibernate-core/6.5.3.Final/hibernate-core-6.5.3.Final.jar
2024-10-06 20:07:04,440 [Worker-4: Importing Maven projects] INFO  o.e.m.j.i.AbstractJavaProjectConfigurator - Adding source folder /dscatalog/src/main/java
2024-10-06 20:07:04,441 [Worker-4: Importing Maven projects] INFO  o.e.m.j.i.AbstractJavaProjectConfigurator - Adding resource folder /dscatalog/src/main/resources
2024-10-06 20:07:04,453 [Worker-4: Importing Maven projects] INFO  o.e.m.j.i.AbstractJavaProjectConfigurator - Adding resource folder /dscatalog/src/main/resources
2024-10-06 20:07:04,459 [Worker-4: Importing Maven projects] INFO  o.e.m.j.i.AbstractJavaProjectConfigurator - Adding source folder /dscatalog/src/test/java
2024-10-06 20:07:04,951 [Worker-8: Download sources and javadoc] INFO  o.e.m.c.i.e.AbstractTransferListenerAdapter - Downloading https://repo.maven.apache.org/maven2/org/springframework/boot/spring-boot-starter-data-jpa/3.3.4/spring-boot-starter-data-jpa-3.3.4-sources.jar
2024-10-06 20:07:05,010 [Worker-8: Download sources and javadoc] INFO  o.e.m.c.i.e.AbstractTransferListenerAdapter - Downloaded https://repo.maven.apache.org/maven2/org/springframework/boot/spring-boot-starter-data-jpa/3.3.4/spring-boot-starter-data-jpa-3.3.4-sources.jar
2024-10-06 20:07:05,022 [Worker-8: Download sources and javadoc] INFO  o.e.m.j.internal.DownloadSourcesJob - Downloaded sources for org.springframework.boot:spring-boot-starter-data-jpa:3.3.4
2024-10-06 20:07:05,119 [Worker-8: Download sources and javadoc] INFO  o.e.m.c.i.e.AbstractTransferListenerAdapter - Downloading https://repo.maven.apache.org/maven2/org/springframework/boot/spring-boot-starter-aop/3.3.4/spring-boot-starter-aop-3.3.4-sources.jar
2024-10-06 20:07:05,153 [Worker-8: Download sources and javadoc] INFO  o.e.m.c.i.e.AbstractTransferListenerAdapter - Downloaded https://repo.maven.apache.org/maven2/org/springframework/boot/spring-boot-starter-aop/3.3.4/spring-boot-starter-aop-3.3.4-sources.jar
2024-10-06 20:07:05,160 [Worker-8: Download sources and javadoc] INFO  o.e.m.j.internal.DownloadSourcesJob - Downloaded sources for org.springframework.boot:spring-boot-starter-aop:3.3.4
2024-10-06 20:07:05,246 [Worker-8: Download sources and javadoc] INFO  o.e.m.c.i.e.AbstractTransferListenerAdapter - Downloading https://repo.maven.apache.org/maven2/org/springframework/boot/spring-boot-starter-jdbc/3.3.4/spring-boot-starter-jdbc-3.3.4-sources.jar
2024-10-06 20:07:05,279 [Worker-8: Download sources and javadoc] INFO  o.e.m.c.i.e.AbstractTransferListenerAdapter - Downloaded https://repo.maven.apache.org/maven2/org/springframework/boot/spring-boot-starter-jdbc/3.3.4/spring-boot-starter-jdbc-3.3.4-sources.jar
2024-10-06 20:07:05,284 [Worker-8: Download sources and javadoc] INFO  o.e.m.j.internal.DownloadSourcesJob - Downloaded sources for org.springframework.boot:spring-boot-starter-jdbc:3.3.4
2024-10-06 20:07:05,364 [Worker-8: Download sources and javadoc] INFO  o.e.m.c.i.e.AbstractTransferListenerAdapter - Downloading https://repo.maven.apache.org/maven2/org/springframework/spring-jdbc/6.1.13/spring-jdbc-6.1.13-sources.jar
2024-10-06 20:07:05,449 [Worker-8: Download sources and javadoc] INFO  o.e.m.c.i.e.AbstractTransferListenerAdapter - Downloaded https://repo.maven.apache.org/maven2/org/springframework/spring-jdbc/6.1.13/spring-jdbc-6.1.13-sources.jar
2024-10-06 20:07:05,455 [Worker-8: Download sources and javadoc] INFO  o.e.m.j.internal.DownloadSourcesJob - Downloaded sources for org.springframework:spring-jdbc:6.1.13
2024-10-06 20:07:05,566 [Worker-8: Download sources and javadoc] INFO  o.e.m.c.i.e.AbstractTransferListenerAdapter - Downloading https://repo.maven.apache.org/maven2/org/hibernate/orm/hibernate-core/6.5.3.Final/hibernate-core-6.5.3.Final-sources.jar
2024-10-06 20:07:06,605 [Worker-8: Download sources and javadoc] INFO  o.e.m.c.i.e.AbstractTransferListenerAdapter - Downloaded https://repo.maven.apache.org/maven2/org/hibernate/orm/hibernate-core/6.5.3.Final/hibernate-core-6.5.3.Final-sources.jar
2024-10-06 20:07:06,617 [Worker-8: Download sources and javadoc] INFO  o.e.m.j.internal.DownloadSourcesJob - Downloaded sources for org.hibernate.orm:hibernate-core:6.5.3.Final
2024-10-06 20:07:06,718 [Worker-8: Download sources and javadoc] INFO  o.e.m.c.i.e.AbstractTransferListenerAdapter - Downloading https://repo.maven.apache.org/maven2/org/springframework/data/spring-data-jpa/3.3.4/spring-data-jpa-3.3.4-sources.jar
2024-10-06 20:07:06,859 [Worker-8: Download sources and javadoc] INFO  o.e.m.c.i.e.AbstractTransferListenerAdapter - Downloaded https://repo.maven.apache.org/maven2/org/springframework/data/spring-data-jpa/3.3.4/spring-data-jpa-3.3.4-sources.jar
2024-10-06 20:07:06,872 [Worker-8: Download sources and javadoc] INFO  o.e.m.j.internal.DownloadSourcesJob - Downloaded sources for org.springframework.data:spring-data-jpa:3.3.4
2024-10-06 20:07:06,988 [Worker-8: Download sources and javadoc] INFO  o.e.m.c.i.e.AbstractTransferListenerAdapter - Downloading https://repo.maven.apache.org/maven2/org/springframework/data/spring-data-commons/3.3.4/spring-data-commons-3.3.4-sources.jar
2024-10-06 20:07:07,275 [Worker-8: Download sources and javadoc] INFO  o.e.m.c.i.e.AbstractTransferListenerAdapter - Downloaded https://repo.maven.apache.org/maven2/org/springframework/data/spring-data-commons/3.3.4/spring-data-commons-3.3.4-sources.jar
2024-10-06 20:07:07,283 [Worker-8: Download sources and javadoc] INFO  o.e.m.j.internal.DownloadSourcesJob - Downloaded sources for org.springframework.data:spring-data-commons:3.3.4
2024-10-06 20:07:07,396 [Worker-8: Download sources and javadoc] INFO  o.e.m.c.i.e.AbstractTransferListenerAdapter - Downloading https://repo.maven.apache.org/maven2/org/springframework/spring-orm/6.1.13/spring-orm-6.1.13-sources.jar
2024-10-06 20:07:07,469 [Worker-8: Download sources and javadoc] INFO  o.e.m.c.i.e.AbstractTransferListenerAdapter - Downloaded https://repo.maven.apache.org/maven2/org/springframework/spring-orm/6.1.13/spring-orm-6.1.13-sources.jar
2024-10-06 20:07:07,474 [Worker-8: Download sources and javadoc] INFO  o.e.m.j.internal.DownloadSourcesJob - Downloaded sources for org.springframework:spring-orm:6.1.13
2024-10-06 20:07:07,568 [Worker-8: Download sources and javadoc] INFO  o.e.m.c.i.e.AbstractTransferListenerAdapter - Downloading https://repo.maven.apache.org/maven2/org/springframework/spring-aspects/6.1.13/spring-aspects-6.1.13-sources.jar
2024-10-06 20:07:07,618 [Worker-8: Download sources and javadoc] INFO  o.e.m.c.i.e.AbstractTransferListenerAdapter - Downloaded https://repo.maven.apache.org/maven2/org/springframework/spring-aspects/6.1.13/spring-aspects-6.1.13-sources.jar
2024-10-06 20:07:07,624 [Worker-8: Download sources and javadoc] INFO  o.e.m.j.internal.DownloadSourcesJob - Downloaded sources for org.springframework:spring-aspects:6.1.13
2024-10-06 20:07:10,572 [Worker-4: Importing Maven projects] INFO  o.e.m.c.i.p.ProjectConfigurationManager - Imported and configured 1 project(s) in 13 sec
2024-10-06 20:07:11,417 [Worker-1: Updating Maven Project] INFO  o.e.m.c.i.p.ProjectConfigurationManager - Update started
2024-10-06 20:07:12,651 [Worker-1: Updating Maven Project] INFO  o.e.m.c.i.l.LifecycleMappingFactory - Using org.eclipse.m2e.jdt.JarLifecycleMapping lifecycle mapping for MavenProject: com.joaoldantasn:dscatalog:0.0.1-SNAPSHOT @ D:\devsuperior\expert\modulo1\projeto\dscatalog\pom.xml.
2024-10-06 20:07:15,077 [Worker-1: Updating Maven Project] INFO  o.e.m.j.i.AbstractJavaProjectConfigurator - Adding source folder /dscatalog/src/main/java
2024-10-06 20:07:15,078 [Worker-1: Updating Maven Project] INFO  o.e.m.j.i.AbstractJavaProjectConfigurator - Adding resource folder /dscatalog/src/main/resources
2024-10-06 20:07:15,088 [Worker-1: Updating Maven Project] INFO  o.e.m.j.i.AbstractJavaProjectConfigurator - Adding resource folder /dscatalog/src/main/resources
2024-10-06 20:07:15,091 [Worker-1: Updating Maven Project] INFO  o.e.m.j.i.AbstractJavaProjectConfigurator - Adding source folder /dscatalog/src/test/java
2024-10-06 20:07:17,131 [Worker-1: Updating Maven Project] INFO  o.e.m.c.i.p.ProjectConfigurationManager - Update completed for 1 poms: local refresh takes 0,00 sec, refresh facades takes 3,00 sec, update config takes 1,00 sec 
2024-10-06 20:07:18,900 [Worker-10: Building] INFO  o.a.m.s.f.DefaultMavenResourcesFiltering - Copying 1 resource from src\main\resources to target\classes
2024-10-06 20:07:19,003 [Worker-10: Building] INFO  o.a.m.s.f.DefaultMavenResourcesFiltering - Copying 0 resource from src\main\resources to target\classes
2024-10-06 20:07:19,013 [Worker-10: Building] INFO  o.a.m.s.f.DefaultMavenResourcesFiltering - skip non existing resourceDirectory D:\devsuperior\expert\modulo1\projeto\dscatalog\src\test\resources
2024-10-06 20:08:33,712 [Worker-13: Building] INFO  o.e.m.c.i.l.LifecycleMappingFactory - Using org.eclipse.m2e.jdt.JarLifecycleMapping lifecycle mapping for MavenProject: com.joaoldantasn:dscatalog:0.0.1-SNAPSHOT @ D:\devsuperior\expert\modulo1\projeto\dscatalog\pom.xml.
2024-10-06 20:08:35,302 [Worker-13: Building] INFO  o.e.m.c.i.embedder.EclipseLogger - Using 'UTF-8' encoding to copy filtered resources.
2024-10-06 20:08:35,308 [Worker-13: Building] INFO  o.e.m.c.i.embedder.EclipseLogger - Copying 0 resource
2024-10-06 20:08:35,309 [Worker-13: Building] INFO  o.e.m.c.i.embedder.EclipseLogger - Copying 0 resource
2024-10-06 20:08:35,316 [Worker-13: Building] INFO  o.e.m.c.i.embedder.EclipseLogger - Using 'UTF-8' encoding to copy filtered resources.
2024-10-06 20:08:35,317 [Worker-13: Building] INFO  o.e.m.c.i.embedder.EclipseLogger - skip non existing resourceDirectory D:\devsuperior\expert\modulo1\projeto\dscatalog\src\test\resources
2024-10-06 20:08:35,423 [Worker-17: Updating Maven Project] INFO  o.e.m.c.i.p.ProjectConfigurationManager - Update started
2024-10-06 20:08:35,909 [Worker-17: Updating Maven Project] INFO  o.e.m.c.i.l.LifecycleMappingFactory - Using org.eclipse.m2e.jdt.JarLifecycleMapping lifecycle mapping for MavenProject: com.joaoldantasn:dscatalog:0.0.1-SNAPSHOT @ D:\devsuperior\expert\modulo1\projeto\dscatalog\pom.xml.
2024-10-06 20:08:37,340 [Worker-17: Updating Maven Project] INFO  o.e.m.j.i.AbstractJavaProjectConfigurator - Adding source folder /dscatalog/src/main/java
2024-10-06 20:08:37,341 [Worker-17: Updating Maven Project] INFO  o.e.m.j.i.AbstractJavaProjectConfigurator - Adding resource folder /dscatalog/src/main/resources
2024-10-06 20:08:37,342 [Worker-17: Updating Maven Project] INFO  o.e.m.j.i.AbstractJavaProjectConfigurator - Adding resource folder /dscatalog/src/main/resources
2024-10-06 20:08:37,343 [Worker-17: Updating Maven Project] INFO  o.e.m.j.i.AbstractJavaProjectConfigurator - Adding source folder /dscatalog/src/test/java
2024-10-06 20:08:38,359 [Worker-17: Updating Maven Project] INFO  o.e.m.c.i.p.ProjectConfigurationManager - Update completed for 1 poms: local refresh takes 0,00 sec, refresh facades takes 1,00 sec, update config takes 1,00 sec 
2024-10-06 20:08:39,204 [Worker-17: Building] INFO  o.e.m.c.i.embedder.EclipseLogger - Using 'UTF-8' encoding to copy filtered resources.
2024-10-06 20:08:39,206 [Worker-17: Building] INFO  o.e.m.c.i.embedder.EclipseLogger - Copying 1 resource
2024-10-06 20:08:39,234 [Worker-17: Building] INFO  o.e.m.c.i.embedder.EclipseLogger - Copying 0 resource
2024-10-06 20:08:39,242 [Worker-17: Building] INFO  o.e.m.c.i.embedder.EclipseLogger - Using 'UTF-8' encoding to copy filtered resources.
2024-10-06 20:08:39,243 [Worker-17: Building] INFO  o.e.m.c.i.embedder.EclipseLogger - skip non existing resourceDirectory D:\devsuperior\expert\modulo1\projeto\dscatalog\src\test\resources
2024-10-06 20:20:36,322 [Worker-16: Building] INFO  o.e.m.c.i.embedder.EclipseLogger - Using 'UTF-8' encoding to copy filtered resources.
2024-10-06 20:20:36,335 [Worker-16: Building] INFO  o.e.m.c.i.embedder.EclipseLogger - Copying 1 resource
2024-10-06 20:20:36,343 [Worker-16: Building] INFO  o.e.m.c.i.embedder.EclipseLogger - Copying 0 resource
2024-10-06 20:20:36,351 [Worker-16: Building] INFO  o.e.m.c.i.embedder.EclipseLogger - Using 'UTF-8' encoding to copy filtered resources.
2024-10-06 20:20:36,351 [Worker-16: Building] INFO  o.e.m.c.i.embedder.EclipseLogger - skip non existing resourceDirectory D:\devsuperior\expert\modulo1\projeto\dscatalog\src\test\resources
2024-10-06 20:20:45,484 [Worker-22: Building] INFO  o.e.m.c.i.embedder.EclipseLogger - Using 'UTF-8' encoding to copy filtered resources.
2024-10-06 20:20:45,485 [Worker-22: Building] INFO  o.e.m.c.i.embedder.EclipseLogger - Copying 1 resource
2024-10-06 20:20:45,487 [Worker-22: Building] INFO  o.e.m.c.i.embedder.EclipseLogger - Copying 0 resource
2024-10-06 20:20:45,491 [Worker-22: Building] INFO  o.e.m.c.i.embedder.EclipseLogger - Using 'UTF-8' encoding to copy filtered resources.
2024-10-06 20:20:45,491 [Worker-22: Building] INFO  o.e.m.c.i.embedder.EclipseLogger - skip non existing resourceDirectory D:\devsuperior\expert\modulo1\projeto\dscatalog\src\test\resources
2024-10-06 20:21:44,841 [Worker-22: Building] INFO  o.e.m.c.i.embedder.EclipseLogger - Using 'UTF-8' encoding to copy filtered resources.
2024-10-06 20:21:44,843 [Worker-22: Building] INFO  o.e.m.c.i.embedder.EclipseLogger - Copying 1 resource
2024-10-06 20:21:44,845 [Worker-22: Building] INFO  o.e.m.c.i.embedder.EclipseLogger - Copying 0 resource
2024-10-06 20:21:44,849 [Worker-22: Building] INFO  o.e.m.c.i.embedder.EclipseLogger - Using 'UTF-8' encoding to copy filtered resources.
2024-10-06 20:21:44,850 [Worker-22: Building] INFO  o.e.m.c.i.embedder.EclipseLogger - skip non existing resourceDirectory D:\devsuperior\expert\modulo1\projeto\dscatalog\src\test\resources
2024-10-06 20:22:17,260 [Worker-21: Building] INFO  o.e.m.c.i.embedder.EclipseLogger - Using 'UTF-8' encoding to copy filtered resources.
2024-10-06 20:22:17,262 [Worker-21: Building] INFO  o.e.m.c.i.embedder.EclipseLogger - Copying 1 resource
2024-10-06 20:22:17,264 [Worker-21: Building] INFO  o.e.m.c.i.embedder.EclipseLogger - Copying 0 resource
2024-10-06 20:22:17,271 [Worker-21: Building] INFO  o.e.m.c.i.embedder.EclipseLogger - Using 'UTF-8' encoding to copy filtered resources.
2024-10-06 20:22:17,271 [Worker-21: Building] INFO  o.e.m.c.i.embedder.EclipseLogger - skip non existing resourceDirectory D:\devsuperior\expert\modulo1\projeto\dscatalog\src\test\resources
2024-10-06 20:27:11,155 [Worker-27: Building] INFO  o.e.m.c.i.embedder.EclipseLogger - Using 'UTF-8' encoding to copy filtered resources.
2024-10-06 20:27:11,155 [Worker-27: Building] INFO  o.e.m.c.i.embedder.EclipseLogger - Copying 1 resource
2024-10-06 20:27:11,171 [Worker-27: Building] INFO  o.e.m.c.i.embedder.EclipseLogger - Copying 0 resource
2024-10-06 20:27:11,181 [Worker-27: Building] INFO  o.e.m.c.i.embedder.EclipseLogger - Using 'UTF-8' encoding to copy filtered resources.
2024-10-06 20:27:11,183 [Worker-27: Building] INFO  o.e.m.c.i.embedder.EclipseLogger - skip non existing resourceDirectory D:\devsuperior\expert\modulo1\projeto\dscatalog\src\test\resources
2024-10-06 20:27:47,160 [Worker-28: Building] INFO  o.e.m.c.i.embedder.EclipseLogger - Using 'UTF-8' encoding to copy filtered resources.
2024-10-06 20:27:47,163 [Worker-28: Building] INFO  o.e.m.c.i.embedder.EclipseLogger - Copying 1 resource
2024-10-06 20:27:47,169 [Worker-28: Building] INFO  o.e.m.c.i.embedder.EclipseLogger - Copying 0 resource
2024-10-06 20:27:47,174 [Worker-28: Building] INFO  o.e.m.c.i.embedder.EclipseLogger - Using 'UTF-8' encoding to copy filtered resources.
2024-10-06 20:27:47,174 [Worker-28: Building] INFO  o.e.m.c.i.embedder.EclipseLogger - skip non existing resourceDirectory D:\devsuperior\expert\modulo1\projeto\dscatalog\src\test\resources
2024-10-06 20:30:50,894 [Worker-30: Building] INFO  o.e.m.c.i.embedder.EclipseLogger - Using 'UTF-8' encoding to copy filtered resources.
2024-10-06 20:30:50,895 [Worker-30: Building] INFO  o.e.m.c.i.embedder.EclipseLogger - Copying 1 resource
2024-10-06 20:30:50,898 [Worker-30: Building] INFO  o.e.m.c.i.embedder.EclipseLogger - Copying 0 resource
2024-10-06 20:30:50,904 [Worker-30: Building] INFO  o.e.m.c.i.embedder.EclipseLogger - Using 'UTF-8' encoding to copy filtered resources.
2024-10-06 20:30:50,904 [Worker-30: Building] INFO  o.e.m.c.i.embedder.EclipseLogger - skip non existing resourceDirectory D:\devsuperior\expert\modulo1\projeto\dscatalog\src\test\resources
2024-10-06 20:32:44,858 [Worker-31: Building] INFO  o.e.m.c.i.embedder.EclipseLogger - Using 'UTF-8' encoding to copy filtered resources.
2024-10-06 20:32:44,860 [Worker-31: Building] INFO  o.e.m.c.i.embedder.EclipseLogger - Copying 1 resource
2024-10-06 20:32:44,862 [Worker-31: Building] INFO  o.e.m.c.i.embedder.EclipseLogger - Copying 0 resource
2024-10-06 20:32:44,865 [Worker-31: Building] INFO  o.e.m.c.i.embedder.EclipseLogger - Using 'UTF-8' encoding to copy filtered resources.
2024-10-06 20:32:44,866 [Worker-31: Building] INFO  o.e.m.c.i.embedder.EclipseLogger - skip non existing resourceDirectory D:\devsuperior\expert\modulo1\projeto\dscatalog\src\test\resources
2024-10-06 20:34:28,730 [Worker-33: Building] INFO  o.e.m.c.i.embedder.EclipseLogger - Using 'UTF-8' encoding to copy filtered resources.
2024-10-06 20:34:28,734 [Worker-33: Building] INFO  o.e.m.c.i.embedder.EclipseLogger - Copying 1 resource
2024-10-06 20:34:28,740 [Worker-33: Building] INFO  o.e.m.c.i.embedder.EclipseLogger - Copying 0 resource
2024-10-06 20:34:28,746 [Worker-33: Building] INFO  o.e.m.c.i.embedder.EclipseLogger - Using 'UTF-8' encoding to copy filtered resources.
2024-10-06 20:34:28,746 [Worker-33: Building] INFO  o.e.m.c.i.embedder.EclipseLogger - skip non existing resourceDirectory D:\devsuperior\expert\modulo1\projeto\dscatalog\src\test\resources
2024-10-06 20:34:53,222 [Worker-33: Building] INFO  o.e.m.c.i.embedder.EclipseLogger - Using 'UTF-8' encoding to copy filtered resources.
2024-10-06 20:34:53,223 [Worker-33: Building] INFO  o.e.m.c.i.embedder.EclipseLogger - Copying 1 resource
2024-10-06 20:34:53,225 [Worker-33: Building] INFO  o.e.m.c.i.embedder.EclipseLogger - Copying 0 resource
2024-10-06 20:34:53,229 [Worker-33: Building] INFO  o.e.m.c.i.embedder.EclipseLogger - Using 'UTF-8' encoding to copy filtered resources.
2024-10-06 20:34:53,229 [Worker-33: Building] INFO  o.e.m.c.i.embedder.EclipseLogger - skip non existing resourceDirectory D:\devsuperior\expert\modulo1\projeto\dscatalog\src\test\resources
2024-10-06 21:06:36,652 [Worker-40: Building] INFO  o.e.m.c.i.l.LifecycleMappingFactory - Using org.eclipse.m2e.jdt.JarLifecycleMapping lifecycle mapping for MavenProject: com.joaoldantasn:dscatalog:0.0.1-SNAPSHOT @ D:\devsuperior\expert\modulo1\projeto\dscatalog\pom.xml.
2024-10-06 21:07:19,303 [Worker-38: Download sources and javadoc] INFO  o.e.m.c.i.e.AbstractTransferListenerAdapter - Downloading https://repo.maven.apache.org/maven2/org/springframework/boot/spring-boot-starter-validation/3.3.4/spring-boot-starter-validation-3.3.4-sources.jar
2024-10-06 21:07:20,580 [Worker-38: Download sources and javadoc] INFO  o.e.m.c.i.e.AbstractTransferListenerAdapter - Downloaded https://repo.maven.apache.org/maven2/org/springframework/boot/spring-boot-starter-validation/3.3.4/spring-boot-starter-validation-3.3.4-sources.jar
2024-10-06 21:07:20,856 [Worker-38: Download sources and javadoc] INFO  o.e.m.j.internal.DownloadSourcesJob - Downloaded sources for org.springframework.boot:spring-boot-starter-validation:3.3.4
2024-10-06 21:07:21,945 [Worker-38: Download sources and javadoc] INFO  o.e.m.c.i.e.AbstractTransferListenerAdapter - Downloading https://repo.maven.apache.org/maven2/org/postgresql/postgresql/42.7.4/postgresql-42.7.4-sources.jar
2024-10-06 21:07:23,542 [Worker-38: Download sources and javadoc] INFO  o.e.m.c.i.e.AbstractTransferListenerAdapter - Downloaded https://repo.maven.apache.org/maven2/org/postgresql/postgresql/42.7.4/postgresql-42.7.4-sources.jar
2024-10-06 21:07:23,634 [Worker-38: Download sources and javadoc] INFO  o.e.m.j.internal.DownloadSourcesJob - Downloaded sources for org.postgresql:postgresql:42.7.4
2024-10-06 21:07:33,371 [Worker-40: Building] INFO  o.e.m.c.i.embedder.EclipseLogger - Using 'UTF-8' encoding to copy filtered resources.
2024-10-06 21:07:34,152 [Worker-40: Building] INFO  o.e.m.c.i.embedder.EclipseLogger - Copying 0 resource
2024-10-06 21:07:34,153 [Worker-40: Building] INFO  o.e.m.c.i.embedder.EclipseLogger - Copying 0 resource
2024-10-06 21:07:34,237 [Worker-40: Building] INFO  o.e.m.c.i.embedder.EclipseLogger - Using 'UTF-8' encoding to copy filtered resources.
2024-10-06 21:07:34,238 [Worker-40: Building] INFO  o.e.m.c.i.embedder.EclipseLogger - skip non existing resourceDirectory D:\devsuperior\expert\modulo1\projeto\dscatalog\src\test\resources
2024-10-06 21:08:10,879 [Worker-38: Building] INFO  o.e.m.c.i.embedder.EclipseLogger - Using 'UTF-8' encoding to copy filtered resources.
2024-10-06 21:08:10,996 [Worker-38: Building] INFO  o.e.m.c.i.embedder.EclipseLogger - Copying 1 resource
2024-10-06 21:08:12,421 [Worker-38: Building] INFO  o.e.m.c.i.embedder.EclipseLogger - Copying 0 resource
2024-10-06 21:08:12,425 [Worker-38: Building] INFO  o.e.m.c.i.embedder.EclipseLogger - Using 'UTF-8' encoding to copy filtered resources.
2024-10-06 21:08:12,425 [Worker-38: Building] INFO  o.e.m.c.i.embedder.EclipseLogger - skip non existing resourceDirectory D:\devsuperior\expert\modulo1\projeto\dscatalog\src\test\resources
2024-10-06 21:08:52,889 [Worker-39: Building] INFO  o.e.m.c.i.embedder.EclipseLogger - Using 'UTF-8' encoding to copy filtered resources.
2024-10-06 21:08:52,891 [Worker-39: Building] INFO  o.e.m.c.i.embedder.EclipseLogger - Copying 1 resource
2024-10-06 21:08:52,893 [Worker-39: Building] INFO  o.e.m.c.i.embedder.EclipseLogger - Copying 0 resource
2024-10-06 21:08:52,953 [Worker-39: Building] INFO  o.e.m.c.i.embedder.EclipseLogger - Using 'UTF-8' encoding to copy filtered resources.
2024-10-06 21:08:52,953 [Worker-39: Building] INFO  o.e.m.c.i.embedder.EclipseLogger - skip non existing resourceDirectory D:\devsuperior\expert\modulo1\projeto\dscatalog\src\test\resources
2024-10-06 21:11:04,490 [Worker-33: Building] INFO  o.e.m.c.i.embedder.EclipseLogger - Using 'UTF-8' encoding to copy filtered resources.
2024-10-06 21:11:04,492 [Worker-33: Building] INFO  o.e.m.c.i.embedder.EclipseLogger - Copying 1 resource
2024-10-06 21:11:04,495 [Worker-33: Building] INFO  o.e.m.c.i.embedder.EclipseLogger - Copying 0 resource
2024-10-06 21:11:04,500 [Worker-33: Building] INFO  o.e.m.c.i.embedder.EclipseLogger - Using 'UTF-8' encoding to copy filtered resources.
2024-10-06 21:11:04,500 [Worker-33: Building] INFO  o.e.m.c.i.embedder.EclipseLogger - skip non existing resourceDirectory D:\devsuperior\expert\modulo1\projeto\dscatalog\src\test\resources
2024-10-06 21:11:27,172 [Worker-45: Building] INFO  o.e.m.c.i.embedder.EclipseLogger - Using 'UTF-8' encoding to copy filtered resources.
2024-10-06 21:11:27,175 [Worker-45: Building] INFO  o.e.m.c.i.embedder.EclipseLogger - Copying 1 resource
2024-10-06 21:11:27,183 [Worker-45: Building] INFO  o.e.m.c.i.embedder.EclipseLogger - Copying 0 resource
2024-10-06 21:11:27,188 [Worker-45: Building] INFO  o.e.m.c.i.embedder.EclipseLogger - Using 'UTF-8' encoding to copy filtered resources.
2024-10-06 21:11:27,188 [Worker-45: Building] INFO  o.e.m.c.i.embedder.EclipseLogger - skip non existing resourceDirectory D:\devsuperior\expert\modulo1\projeto\dscatalog\src\test\resources
2024-10-06 21:11:48,944 [Worker-33: Building] INFO  o.e.m.c.i.embedder.EclipseLogger - Using 'UTF-8' encoding to copy filtered resources.
2024-10-06 21:11:48,947 [Worker-33: Building] INFO  o.e.m.c.i.embedder.EclipseLogger - Copying 1 resource
2024-10-06 21:11:48,950 [Worker-33: Building] INFO  o.e.m.c.i.embedder.EclipseLogger - Copying 0 resource
2024-10-06 21:11:48,955 [Worker-33: Building] INFO  o.e.m.c.i.embedder.EclipseLogger - Using 'UTF-8' encoding to copy filtered resources.
2024-10-06 21:11:48,956 [Worker-33: Building] INFO  o.e.m.c.i.embedder.EclipseLogger - skip non existing resourceDirectory D:\devsuperior\expert\modulo1\projeto\dscatalog\src\test\resources
2024-10-06 21:12:37,101 [Worker-45: Building] INFO  o.e.m.c.i.embedder.EclipseLogger - Using 'UTF-8' encoding to copy filtered resources.
2024-10-06 21:12:37,102 [Worker-45: Building] INFO  o.e.m.c.i.embedder.EclipseLogger - Copying 1 resource
2024-10-06 21:12:37,105 [Worker-45: Building] INFO  o.e.m.c.i.embedder.EclipseLogger - Copying 0 resource
2024-10-06 21:12:37,111 [Worker-45: Building] INFO  o.e.m.c.i.embedder.EclipseLogger - Using 'UTF-8' encoding to copy filtered resources.
2024-10-06 21:12:37,112 [Worker-45: Building] INFO  o.e.m.c.i.embedder.EclipseLogger - skip non existing resourceDirectory D:\devsuperior\expert\modulo1\projeto\dscatalog\src\test\resources
2024-10-06 21:12:42,890 [Worker-33: Building] INFO  o.e.m.c.i.embedder.EclipseLogger - Using 'UTF-8' encoding to copy filtered resources.
2024-10-06 21:12:42,891 [Worker-33: Building] INFO  o.e.m.c.i.embedder.EclipseLogger - Copying 1 resource
2024-10-06 21:12:42,895 [Worker-33: Building] INFO  o.e.m.c.i.embedder.EclipseLogger - Copying 0 resource
2024-10-06 21:12:42,903 [Worker-33: Building] INFO  o.e.m.c.i.embedder.EclipseLogger - Using 'UTF-8' encoding to copy filtered resources.
2024-10-06 21:12:42,903 [Worker-33: Building] INFO  o.e.m.c.i.embedder.EclipseLogger - skip non existing resourceDirectory D:\devsuperior\expert\modulo1\projeto\dscatalog\src\test\resources
2024-10-06 21:14:47,888 [Worker-50: Building] INFO  o.e.m.c.i.embedder.EclipseLogger - Using 'UTF-8' encoding to copy filtered resources.
2024-10-06 21:14:47,889 [Worker-50: Building] INFO  o.e.m.c.i.embedder.EclipseLogger - Copying 1 resource
2024-10-06 21:14:47,892 [Worker-50: Building] INFO  o.e.m.c.i.embedder.EclipseLogger - Copying 0 resource
2024-10-06 21:14:47,897 [Worker-50: Building] INFO  o.e.m.c.i.embedder.EclipseLogger - Using 'UTF-8' encoding to copy filtered resources.
2024-10-06 21:14:47,897 [Worker-50: Building] INFO  o.e.m.c.i.embedder.EclipseLogger - skip non existing resourceDirectory D:\devsuperior\expert\modulo1\projeto\dscatalog\src\test\resources
2024-10-06 21:14:54,916 [Worker-50: Building] INFO  o.e.m.c.i.embedder.EclipseLogger - Using 'UTF-8' encoding to copy filtered resources.
2024-10-06 21:14:54,918 [Worker-50: Building] INFO  o.e.m.c.i.embedder.EclipseLogger - Copying 1 resource
2024-10-06 21:14:54,920 [Worker-50: Building] INFO  o.e.m.c.i.embedder.EclipseLogger - Copying 0 resource
2024-10-06 21:14:54,923 [Worker-50: Building] INFO  o.e.m.c.i.embedder.EclipseLogger - Using 'UTF-8' encoding to copy filtered resources.
2024-10-06 21:14:54,924 [Worker-50: Building] INFO  o.e.m.c.i.embedder.EclipseLogger - skip non existing resourceDirectory D:\devsuperior\expert\modulo1\projeto\dscatalog\src\test\resources
2024-10-06 21:15:08,942 [Worker-48: Building] INFO  o.e.m.c.i.embedder.EclipseLogger - Using 'UTF-8' encoding to copy filtered resources.
2024-10-06 21:15:08,943 [Worker-48: Building] INFO  o.e.m.c.i.embedder.EclipseLogger - Copying 1 resource
2024-10-06 21:15:08,946 [Worker-48: Building] INFO  o.e.m.c.i.embedder.EclipseLogger - Copying 0 resource
2024-10-06 21:15:08,952 [Worker-48: Building] INFO  o.e.m.c.i.embedder.EclipseLogger - Using 'UTF-8' encoding to copy filtered resources.
2024-10-06 21:15:08,952 [Worker-48: Building] INFO  o.e.m.c.i.embedder.EclipseLogger - skip non existing resourceDirectory D:\devsuperior\expert\modulo1\projeto\dscatalog\src\test\resources
2024-10-06 21:15:34,072 [Worker-48: Building] INFO  o.e.m.c.i.embedder.EclipseLogger - Using 'UTF-8' encoding to copy filtered resources.
2024-10-06 21:15:34,073 [Worker-48: Building] INFO  o.e.m.c.i.embedder.EclipseLogger - Copying 1 resource
2024-10-06 21:15:34,076 [Worker-48: Building] INFO  o.e.m.c.i.embedder.EclipseLogger - Copying 0 resource
2024-10-06 21:15:34,078 [Worker-48: Building] INFO  o.e.m.c.i.embedder.EclipseLogger - Using 'UTF-8' encoding to copy filtered resources.
2024-10-06 21:15:34,078 [Worker-48: Building] INFO  o.e.m.c.i.embedder.EclipseLogger - skip non existing resourceDirectory D:\devsuperior\expert\modulo1\projeto\dscatalog\src\test\resources
2024-10-06 21:16:19,902 [Worker-48: Building] INFO  o.e.m.c.i.embedder.EclipseLogger - Using 'UTF-8' encoding to copy filtered resources.
2024-10-06 21:16:19,903 [Worker-48: Building] INFO  o.e.m.c.i.embedder.EclipseLogger - Copying 1 resource
2024-10-06 21:16:19,905 [Worker-48: Building] INFO  o.e.m.c.i.embedder.EclipseLogger - Copying 0 resource
2024-10-06 21:16:19,909 [Worker-48: Building] INFO  o.e.m.c.i.embedder.EclipseLogger - Using 'UTF-8' encoding to copy filtered resources.
2024-10-06 21:16:19,909 [Worker-48: Building] INFO  o.e.m.c.i.embedder.EclipseLogger - skip non existing resourceDirectory D:\devsuperior\expert\modulo1\projeto\dscatalog\src\test\resources
2024-10-06 21:16:42,822 [Worker-48: Building] INFO  o.e.m.c.i.embedder.EclipseLogger - Using 'UTF-8' encoding to copy filtered resources.
2024-10-06 21:16:42,823 [Worker-48: Building] INFO  o.e.m.c.i.embedder.EclipseLogger - Copying 1 resource
2024-10-06 21:16:42,826 [Worker-48: Building] INFO  o.e.m.c.i.embedder.EclipseLogger - Copying 0 resource
2024-10-06 21:16:42,829 [Worker-48: Building] INFO  o.e.m.c.i.embedder.EclipseLogger - Using 'UTF-8' encoding to copy filtered resources.
2024-10-06 21:16:42,830 [Worker-48: Building] INFO  o.e.m.c.i.embedder.EclipseLogger - skip non existing resourceDirectory D:\devsuperior\expert\modulo1\projeto\dscatalog\src\test\resources
2024-10-06 21:16:45,361 [Worker-50: Building] INFO  o.e.m.c.i.embedder.EclipseLogger - Using 'UTF-8' encoding to copy filtered resources.
2024-10-06 21:16:45,363 [Worker-50: Building] INFO  o.e.m.c.i.embedder.EclipseLogger - Copying 1 resource
2024-10-06 21:16:45,366 [Worker-50: Building] INFO  o.e.m.c.i.embedder.EclipseLogger - Copying 0 resource
2024-10-06 21:16:45,372 [Worker-50: Building] INFO  o.e.m.c.i.embedder.EclipseLogger - Using 'UTF-8' encoding to copy filtered resources.
2024-10-06 21:16:45,373 [Worker-50: Building] INFO  o.e.m.c.i.embedder.EclipseLogger - skip non existing resourceDirectory D:\devsuperior\expert\modulo1\projeto\dscatalog\src\test\resources
2024-10-06 21:16:47,078 [Worker-51: Building] INFO  o.e.m.c.i.embedder.EclipseLogger - Using 'UTF-8' encoding to copy filtered resources.
2024-10-06 21:16:47,080 [Worker-51: Building] INFO  o.e.m.c.i.embedder.EclipseLogger - Copying 1 resource
2024-10-06 21:16:47,082 [Worker-51: Building] INFO  o.e.m.c.i.embedder.EclipseLogger - Copying 0 resource
2024-10-06 21:16:47,112 [Worker-51: Building] INFO  o.e.m.c.i.embedder.EclipseLogger - Using 'UTF-8' encoding to copy filtered resources.
2024-10-06 21:16:47,113 [Worker-51: Building] INFO  o.e.m.c.i.embedder.EclipseLogger - skip non existing resourceDirectory D:\devsuperior\expert\modulo1\projeto\dscatalog\src\test\resources
2024-10-06 21:19:59,764 [Worker-55: Building] INFO  o.e.m.c.i.embedder.EclipseLogger - Using 'UTF-8' encoding to copy filtered resources.
2024-10-06 21:19:59,798 [Worker-55: Building] INFO  o.e.m.c.i.embedder.EclipseLogger - Copying 1 resource
2024-10-06 21:19:59,800 [Worker-55: Building] INFO  o.e.m.c.i.embedder.EclipseLogger - Copying 0 resource
2024-10-06 21:19:59,808 [Worker-55: Building] INFO  o.e.m.c.i.embedder.EclipseLogger - Using 'UTF-8' encoding to copy filtered resources.
2024-10-06 21:19:59,808 [Worker-55: Building] INFO  o.e.m.c.i.embedder.EclipseLogger - skip non existing resourceDirectory D:\devsuperior\expert\modulo1\projeto\dscatalog\src\test\resources
2024-10-06 21:20:23,396 [Worker-53: Building] INFO  o.e.m.c.i.embedder.EclipseLogger - Using 'UTF-8' encoding to copy filtered resources.
2024-10-06 21:20:23,397 [Worker-53: Building] INFO  o.e.m.c.i.embedder.EclipseLogger - Copying 1 resource
2024-10-06 21:20:23,399 [Worker-53: Building] INFO  o.e.m.c.i.embedder.EclipseLogger - Copying 0 resource
2024-10-06 21:20:23,403 [Worker-53: Building] INFO  o.e.m.c.i.embedder.EclipseLogger - Using 'UTF-8' encoding to copy filtered resources.
2024-10-06 21:20:23,404 [Worker-53: Building] INFO  o.e.m.c.i.embedder.EclipseLogger - skip non existing resourceDirectory D:\devsuperior\expert\modulo1\projeto\dscatalog\src\test\resources
2024-10-06 21:20:44,832 [Worker-51: Building] INFO  o.e.m.c.i.embedder.EclipseLogger - Using 'UTF-8' encoding to copy filtered resources.
2024-10-06 21:20:44,833 [Worker-51: Building] INFO  o.e.m.c.i.embedder.EclipseLogger - Copying 1 resource
2024-10-06 21:20:44,835 [Worker-51: Building] INFO  o.e.m.c.i.embedder.EclipseLogger - Copying 0 resource
2024-10-06 21:20:44,838 [Worker-51: Building] INFO  o.e.m.c.i.embedder.EclipseLogger - Using 'UTF-8' encoding to copy filtered resources.
2024-10-06 21:20:44,839 [Worker-51: Building] INFO  o.e.m.c.i.embedder.EclipseLogger - skip non existing resourceDirectory D:\devsuperior\expert\modulo1\projeto\dscatalog\src\test\resources
2024-10-06 21:28:02,658 [Worker-60: Building] INFO  o.e.m.c.i.embedder.EclipseLogger - Using 'UTF-8' encoding to copy filtered resources.
2024-10-06 21:28:02,661 [Worker-60: Building] INFO  o.e.m.c.i.embedder.EclipseLogger - Copying 2 resources
2024-10-06 21:28:02,699 [Worker-60: Building] INFO  o.e.m.c.i.embedder.EclipseLogger - Copying 0 resource
2024-10-06 21:28:02,757 [Worker-60: Building] INFO  o.e.m.c.i.embedder.EclipseLogger - Using 'UTF-8' encoding to copy filtered resources.
2024-10-06 21:28:02,758 [Worker-60: Building] INFO  o.e.m.c.i.embedder.EclipseLogger - skip non existing resourceDirectory D:\devsuperior\expert\modulo1\projeto\dscatalog\src\test\resources
2024-10-06 21:31:26,494 [Worker-51: Building] INFO  o.e.m.c.i.embedder.EclipseLogger - Using 'UTF-8' encoding to copy filtered resources.
2024-10-06 21:31:26,495 [Worker-51: Building] INFO  o.e.m.c.i.embedder.EclipseLogger - Copying 0 resource
2024-10-06 21:31:26,495 [Worker-51: Building] INFO  o.e.m.c.i.embedder.EclipseLogger - Copying 1 resource
2024-10-06 21:31:26,570 [Worker-51: Building] INFO  o.e.m.c.i.embedder.EclipseLogger - Using 'UTF-8' encoding to copy filtered resources.
2024-10-06 21:31:26,570 [Worker-51: Building] INFO  o.e.m.c.i.embedder.EclipseLogger - skip non existing resourceDirectory D:\devsuperior\expert\modulo1\projeto\dscatalog\src\test\resources
2024-10-06 21:33:10,099 [Worker-62: Building] INFO  o.e.m.c.i.embedder.EclipseLogger - Using 'UTF-8' encoding to copy filtered resources.
2024-10-06 21:33:10,100 [Worker-62: Building] INFO  o.e.m.c.i.embedder.EclipseLogger - Copying 0 resource
2024-10-06 21:33:10,100 [Worker-62: Building] INFO  o.e.m.c.i.embedder.EclipseLogger - Copying 1 resource
2024-10-06 21:33:10,140 [Worker-62: Building] INFO  o.e.m.c.i.embedder.EclipseLogger - Using 'UTF-8' encoding to copy filtered resources.
2024-10-06 21:33:10,142 [Worker-62: Building] INFO  o.e.m.c.i.embedder.EclipseLogger - skip non existing resourceDirectory D:\devsuperior\expert\modulo1\projeto\dscatalog\src\test\resources
2024-10-07 20:13:15,947 [Worker-7: Loading available Gradle versions] INFO  o.e.b.c.i.u.g.PublishedGradleVersions - Gradle version information cache is out-of-date. Trying to update.
2024-10-07 20:29:25,730 [Worker-5: Loading available Gradle versions] INFO  o.e.b.c.i.u.g.PublishedGradleVersions - Gradle version information cache is up-to-date. Trying to read.
2024-10-07 20:33:23,401 [Worker-11: Building] INFO  o.e.m.c.i.embedder.EclipseLogger - Using 'UTF-8' encoding to copy filtered resources.
2024-10-07 20:33:23,415 [Worker-11: Building] INFO  o.e.m.c.i.embedder.EclipseLogger - Copying 2 resources
2024-10-07 20:33:23,459 [Worker-11: Building] INFO  o.e.m.c.i.embedder.EclipseLogger - Copying 1 resource
2024-10-07 20:33:23,538 [Worker-11: Building] INFO  o.e.m.c.i.embedder.EclipseLogger - Using 'UTF-8' encoding to copy filtered resources.
2024-10-07 20:33:23,538 [Worker-11: Building] INFO  o.e.m.c.i.embedder.EclipseLogger - skip non existing resourceDirectory D:\devsuperior\expert\modulo1\projeto\dscatalog\src\test\resources
2024-10-07 20:34:06,788 [Worker-23: Building] INFO  o.e.m.c.i.embedder.EclipseLogger - Using 'UTF-8' encoding to copy filtered resources.
2024-10-07 20:34:06,797 [Worker-23: Building] INFO  o.e.m.c.i.embedder.EclipseLogger - Copying 2 resources
2024-10-07 20:34:06,801 [Worker-23: Building] INFO  o.e.m.c.i.embedder.EclipseLogger - Copying 1 resource
2024-10-07 20:34:06,806 [Worker-23: Building] INFO  o.e.m.c.i.embedder.EclipseLogger - Using 'UTF-8' encoding to copy filtered resources.
2024-10-07 20:34:06,806 [Worker-23: Building] INFO  o.e.m.c.i.embedder.EclipseLogger - skip non existing resourceDirectory D:\devsuperior\expert\modulo1\projeto\dscatalog\src\test\resources
2024-10-07 20:35:02,122 [Worker-24: Building] INFO  o.e.m.c.i.embedder.EclipseLogger - Using 'UTF-8' encoding to copy filtered resources.
2024-10-07 20:35:02,123 [Worker-24: Building] INFO  o.e.m.c.i.embedder.EclipseLogger - Copying 2 resources
2024-10-07 20:35:02,127 [Worker-24: Building] INFO  o.e.m.c.i.embedder.EclipseLogger - Copying 1 resource
2024-10-07 20:35:02,132 [Worker-24: Building] INFO  o.e.m.c.i.embedder.EclipseLogger - Using 'UTF-8' encoding to copy filtered resources.
2024-10-07 20:35:02,132 [Worker-24: Building] INFO  o.e.m.c.i.embedder.EclipseLogger - skip non existing resourceDirectory D:\devsuperior\expert\modulo1\projeto\dscatalog\src\test\resources
2024-10-07 20:41:45,020 [Worker-30: Building] INFO  o.e.m.c.i.embedder.EclipseLogger - Using 'UTF-8' encoding to copy filtered resources.
2024-10-07 20:41:45,023 [Worker-30: Building] INFO  o.e.m.c.i.embedder.EclipseLogger - Copying 2 resources
2024-10-07 20:41:45,029 [Worker-30: Building] INFO  o.e.m.c.i.embedder.EclipseLogger - Copying 1 resource
2024-10-07 20:41:45,035 [Worker-30: Building] INFO  o.e.m.c.i.embedder.EclipseLogger - Using 'UTF-8' encoding to copy filtered resources.
2024-10-07 20:41:45,035 [Worker-30: Building] INFO  o.e.m.c.i.embedder.EclipseLogger - skip non existing resourceDirectory D:\devsuperior\expert\modulo1\projeto\dscatalog\src\test\resources
2024-10-07 20:41:54,807 [Worker-30: Building] INFO  o.e.m.c.i.embedder.EclipseLogger - Using 'UTF-8' encoding to copy filtered resources.
2024-10-07 20:41:54,808 [Worker-30: Building] INFO  o.e.m.c.i.embedder.EclipseLogger - Copying 2 resources
2024-10-07 20:41:54,812 [Worker-30: Building] INFO  o.e.m.c.i.embedder.EclipseLogger - Copying 1 resource
2024-10-07 20:41:54,816 [Worker-30: Building] INFO  o.e.m.c.i.embedder.EclipseLogger - Using 'UTF-8' encoding to copy filtered resources.
2024-10-07 20:41:54,817 [Worker-30: Building] INFO  o.e.m.c.i.embedder.EclipseLogger - skip non existing resourceDirectory D:\devsuperior\expert\modulo1\projeto\dscatalog\src\test\resources
2024-10-07 20:42:27,384 [Worker-31: Building] INFO  o.e.m.c.i.embedder.EclipseLogger - Using 'UTF-8' encoding to copy filtered resources.
2024-10-07 20:42:27,387 [Worker-31: Building] INFO  o.e.m.c.i.embedder.EclipseLogger - Copying 2 resources
2024-10-07 20:42:27,393 [Worker-31: Building] INFO  o.e.m.c.i.embedder.EclipseLogger - Copying 1 resource
2024-10-07 20:42:27,399 [Worker-31: Building] INFO  o.e.m.c.i.embedder.EclipseLogger - Using 'UTF-8' encoding to copy filtered resources.
2024-10-07 20:42:27,399 [Worker-31: Building] INFO  o.e.m.c.i.embedder.EclipseLogger - skip non existing resourceDirectory D:\devsuperior\expert\modulo1\projeto\dscatalog\src\test\resources
2024-10-07 20:44:01,423 [Worker-32: Building] INFO  o.e.m.c.i.embedder.EclipseLogger - Using 'UTF-8' encoding to copy filtered resources.
2024-10-07 20:44:01,425 [Worker-32: Building] INFO  o.e.m.c.i.embedder.EclipseLogger - Copying 2 resources
2024-10-07 20:44:01,430 [Worker-32: Building] INFO  o.e.m.c.i.embedder.EclipseLogger - Copying 1 resource
2024-10-07 20:44:01,434 [Worker-32: Building] INFO  o.e.m.c.i.embedder.EclipseLogger - Using 'UTF-8' encoding to copy filtered resources.
2024-10-07 20:44:01,435 [Worker-32: Building] INFO  o.e.m.c.i.embedder.EclipseLogger - skip non existing resourceDirectory D:\devsuperior\expert\modulo1\projeto\dscatalog\src\test\resources
2024-10-07 20:44:24,054 [Worker-29: Building] INFO  o.e.m.c.i.embedder.EclipseLogger - Using 'UTF-8' encoding to copy filtered resources.
2024-10-07 20:44:24,055 [Worker-29: Building] INFO  o.e.m.c.i.embedder.EclipseLogger - Copying 2 resources
2024-10-07 20:44:24,059 [Worker-29: Building] INFO  o.e.m.c.i.embedder.EclipseLogger - Copying 1 resource
2024-10-07 20:44:24,066 [Worker-29: Building] INFO  o.e.m.c.i.embedder.EclipseLogger - Using 'UTF-8' encoding to copy filtered resources.
2024-10-07 20:44:24,066 [Worker-29: Building] INFO  o.e.m.c.i.embedder.EclipseLogger - skip non existing resourceDirectory D:\devsuperior\expert\modulo1\projeto\dscatalog\src\test\resources
2024-10-07 20:44:26,140 [Worker-29: Building] INFO  o.e.m.c.i.embedder.EclipseLogger - Using 'UTF-8' encoding to copy filtered resources.
2024-10-07 20:44:26,141 [Worker-29: Building] INFO  o.e.m.c.i.embedder.EclipseLogger - Copying 2 resources
2024-10-07 20:44:26,145 [Worker-29: Building] INFO  o.e.m.c.i.embedder.EclipseLogger - Copying 1 resource
2024-10-07 20:44:26,149 [Worker-29: Building] INFO  o.e.m.c.i.embedder.EclipseLogger - Using 'UTF-8' encoding to copy filtered resources.
2024-10-07 20:44:26,149 [Worker-29: Building] INFO  o.e.m.c.i.embedder.EclipseLogger - skip non existing resourceDirectory D:\devsuperior\expert\modulo1\projeto\dscatalog\src\test\resources
2024-10-07 21:04:47,651 [Worker-37: Building] INFO  o.e.m.c.i.embedder.EclipseLogger - Using 'UTF-8' encoding to copy filtered resources.
2024-10-07 21:04:47,653 [Worker-37: Building] INFO  o.e.m.c.i.embedder.EclipseLogger - Copying 2 resources
2024-10-07 21:04:47,660 [Worker-37: Building] INFO  o.e.m.c.i.embedder.EclipseLogger - Copying 1 resource
2024-10-07 21:04:47,664 [Worker-37: Building] INFO  o.e.m.c.i.embedder.EclipseLogger - Using 'UTF-8' encoding to copy filtered resources.
2024-10-07 21:04:47,665 [Worker-37: Building] INFO  o.e.m.c.i.embedder.EclipseLogger - skip non existing resourceDirectory D:\devsuperior\expert\modulo1\projeto\dscatalog\src\test\resources
2024-10-07 21:08:55,574 [Worker-37: Building] INFO  o.e.m.c.i.embedder.EclipseLogger - Using 'UTF-8' encoding to copy filtered resources.
2024-10-07 21:08:55,576 [Worker-37: Building] INFO  o.e.m.c.i.embedder.EclipseLogger - Copying 2 resources
2024-10-07 21:08:55,583 [Worker-37: Building] INFO  o.e.m.c.i.embedder.EclipseLogger - Copying 1 resource
2024-10-07 21:08:55,590 [Worker-37: Building] INFO  o.e.m.c.i.embedder.EclipseLogger - Using 'UTF-8' encoding to copy filtered resources.
2024-10-07 21:08:55,590 [Worker-37: Building] INFO  o.e.m.c.i.embedder.EclipseLogger - skip non existing resourceDirectory D:\devsuperior\expert\modulo1\projeto\dscatalog\src\test\resources
2024-10-07 21:14:10,040 [Worker-43: Building] INFO  o.e.m.c.i.embedder.EclipseLogger - Using 'UTF-8' encoding to copy filtered resources.
2024-10-07 21:14:10,043 [Worker-43: Building] INFO  o.e.m.c.i.embedder.EclipseLogger - Copying 2 resources
2024-10-07 21:14:10,047 [Worker-43: Building] INFO  o.e.m.c.i.embedder.EclipseLogger - Copying 1 resource
2024-10-07 21:14:10,054 [Worker-43: Building] INFO  o.e.m.c.i.embedder.EclipseLogger - Using 'UTF-8' encoding to copy filtered resources.
2024-10-07 21:14:10,055 [Worker-43: Building] INFO  o.e.m.c.i.embedder.EclipseLogger - skip non existing resourceDirectory D:\devsuperior\expert\modulo1\projeto\dscatalog\src\test\resources
2024-10-07 21:14:26,091 [Worker-43: Building] INFO  o.e.m.c.i.embedder.EclipseLogger - Using 'UTF-8' encoding to copy filtered resources.
2024-10-07 21:14:26,093 [Worker-43: Building] INFO  o.e.m.c.i.embedder.EclipseLogger - Copying 2 resources
2024-10-07 21:14:26,096 [Worker-43: Building] INFO  o.e.m.c.i.embedder.EclipseLogger - Copying 1 resource
2024-10-07 21:14:26,099 [Worker-43: Building] INFO  o.e.m.c.i.embedder.EclipseLogger - Using 'UTF-8' encoding to copy filtered resources.
2024-10-07 21:14:26,100 [Worker-43: Building] INFO  o.e.m.c.i.embedder.EclipseLogger - skip non existing resourceDirectory D:\devsuperior\expert\modulo1\projeto\dscatalog\src\test\resources
2024-10-07 21:14:33,367 [Worker-48: Building] INFO  o.e.m.c.i.embedder.EclipseLogger - Using 'UTF-8' encoding to copy filtered resources.
2024-10-07 21:14:33,368 [Worker-48: Building] INFO  o.e.m.c.i.embedder.EclipseLogger - Copying 2 resources
2024-10-07 21:14:33,373 [Worker-48: Building] INFO  o.e.m.c.i.embedder.EclipseLogger - Copying 1 resource
2024-10-07 21:14:33,377 [Worker-48: Building] INFO  o.e.m.c.i.embedder.EclipseLogger - Using 'UTF-8' encoding to copy filtered resources.
2024-10-07 21:14:33,377 [Worker-48: Building] INFO  o.e.m.c.i.embedder.EclipseLogger - skip non existing resourceDirectory D:\devsuperior\expert\modulo1\projeto\dscatalog\src\test\resources
2024-10-07 21:15:10,487 [Worker-46: Building] INFO  o.e.m.c.i.embedder.EclipseLogger - Using 'UTF-8' encoding to copy filtered resources.
2024-10-07 21:15:10,489 [Worker-46: Building] INFO  o.e.m.c.i.embedder.EclipseLogger - Copying 2 resources
2024-10-07 21:15:10,493 [Worker-46: Building] INFO  o.e.m.c.i.embedder.EclipseLogger - Copying 1 resource
2024-10-07 21:15:10,496 [Worker-46: Building] INFO  o.e.m.c.i.embedder.EclipseLogger - Using 'UTF-8' encoding to copy filtered resources.
2024-10-07 21:15:10,497 [Worker-46: Building] INFO  o.e.m.c.i.embedder.EclipseLogger - skip non existing resourceDirectory D:\devsuperior\expert\modulo1\projeto\dscatalog\src\test\resources
2024-10-07 21:16:43,752 [Worker-48: Building] INFO  o.e.m.c.i.embedder.EclipseLogger - Using 'UTF-8' encoding to copy filtered resources.
2024-10-07 21:16:43,754 [Worker-48: Building] INFO  o.e.m.c.i.embedder.EclipseLogger - Copying 2 resources
2024-10-07 21:16:43,759 [Worker-48: Building] INFO  o.e.m.c.i.embedder.EclipseLogger - Copying 1 resource
2024-10-07 21:16:43,765 [Worker-48: Building] INFO  o.e.m.c.i.embedder.EclipseLogger - Using 'UTF-8' encoding to copy filtered resources.
2024-10-07 21:16:43,766 [Worker-48: Building] INFO  o.e.m.c.i.embedder.EclipseLogger - skip non existing resourceDirectory D:\devsuperior\expert\modulo1\projeto\dscatalog\src\test\resources
2024-10-07 21:19:21,219 [Worker-51: Building] INFO  o.e.m.c.i.embedder.EclipseLogger - Using 'UTF-8' encoding to copy filtered resources.
2024-10-07 21:19:21,221 [Worker-51: Building] INFO  o.e.m.c.i.embedder.EclipseLogger - Copying 2 resources
2024-10-07 21:19:21,225 [Worker-51: Building] INFO  o.e.m.c.i.embedder.EclipseLogger - Copying 1 resource
2024-10-07 21:19:21,232 [Worker-51: Building] INFO  o.e.m.c.i.embedder.EclipseLogger - Using 'UTF-8' encoding to copy filtered resources.
2024-10-07 21:19:21,233 [Worker-51: Building] INFO  o.e.m.c.i.embedder.EclipseLogger - skip non existing resourceDirectory D:\devsuperior\expert\modulo1\projeto\dscatalog\src\test\resources
2024-10-07 21:20:44,894 [Worker-50: Building] INFO  o.e.m.c.i.embedder.EclipseLogger - Using 'UTF-8' encoding to copy filtered resources.
2024-10-07 21:20:44,897 [Worker-50: Building] INFO  o.e.m.c.i.embedder.EclipseLogger - Copying 2 resources
2024-10-07 21:20:44,902 [Worker-50: Building] INFO  o.e.m.c.i.embedder.EclipseLogger - Copying 1 resource
2024-10-07 21:20:44,909 [Worker-50: Building] INFO  o.e.m.c.i.embedder.EclipseLogger - Using 'UTF-8' encoding to copy filtered resources.
2024-10-07 21:20:44,909 [Worker-50: Building] INFO  o.e.m.c.i.embedder.EclipseLogger - skip non existing resourceDirectory D:\devsuperior\expert\modulo1\projeto\dscatalog\src\test\resources
2024-10-07 21:21:43,264 [Worker-46: Building] INFO  o.e.m.c.i.embedder.EclipseLogger - Using 'UTF-8' encoding to copy filtered resources.
2024-10-07 21:21:43,266 [Worker-46: Building] INFO  o.e.m.c.i.embedder.EclipseLogger - Copying 2 resources
2024-10-07 21:21:43,269 [Worker-46: Building] INFO  o.e.m.c.i.embedder.EclipseLogger - Copying 1 resource
2024-10-07 21:21:43,274 [Worker-46: Building] INFO  o.e.m.c.i.embedder.EclipseLogger - Using 'UTF-8' encoding to copy filtered resources.
2024-10-07 21:21:43,274 [Worker-46: Building] INFO  o.e.m.c.i.embedder.EclipseLogger - skip non existing resourceDirectory D:\devsuperior\expert\modulo1\projeto\dscatalog\src\test\resources
2024-10-07 21:22:28,327 [Worker-52: Building] INFO  o.e.m.c.i.embedder.EclipseLogger - Using 'UTF-8' encoding to copy filtered resources.
2024-10-07 21:22:28,329 [Worker-52: Building] INFO  o.e.m.c.i.embedder.EclipseLogger - Copying 2 resources
2024-10-07 21:22:28,340 [Worker-52: Building] INFO  o.e.m.c.i.embedder.EclipseLogger - Copying 1 resource
2024-10-07 21:22:28,345 [Worker-52: Building] INFO  o.e.m.c.i.embedder.EclipseLogger - Using 'UTF-8' encoding to copy filtered resources.
2024-10-07 21:22:28,346 [Worker-52: Building] INFO  o.e.m.c.i.embedder.EclipseLogger - skip non existing resourceDirectory D:\devsuperior\expert\modulo1\projeto\dscatalog\src\test\resources
2024-10-07 21:22:39,831 [Worker-51: Building] INFO  o.e.m.c.i.embedder.EclipseLogger - Using 'UTF-8' encoding to copy filtered resources.
2024-10-07 21:22:39,835 [Worker-51: Building] INFO  o.e.m.c.i.embedder.EclipseLogger - Copying 2 resources
2024-10-07 21:22:39,840 [Worker-51: Building] INFO  o.e.m.c.i.embedder.EclipseLogger - Copying 1 resource
2024-10-07 21:22:39,844 [Worker-51: Building] INFO  o.e.m.c.i.embedder.EclipseLogger - Using 'UTF-8' encoding to copy filtered resources.
2024-10-07 21:22:39,844 [Worker-51: Building] INFO  o.e.m.c.i.embedder.EclipseLogger - skip non existing resourceDirectory D:\devsuperior\expert\modulo1\projeto\dscatalog\src\test\resources
2024-10-07 21:25:09,415 [Worker-53: Building] INFO  o.e.m.c.i.embedder.EclipseLogger - Using 'UTF-8' encoding to copy filtered resources.
2024-10-07 21:25:09,416 [Worker-53: Building] INFO  o.e.m.c.i.embedder.EclipseLogger - Copying 2 resources
2024-10-07 21:25:09,418 [Worker-53: Building] INFO  o.e.m.c.i.embedder.EclipseLogger - Copying 1 resource
2024-10-07 21:25:09,422 [Worker-53: Building] INFO  o.e.m.c.i.embedder.EclipseLogger - Using 'UTF-8' encoding to copy filtered resources.
2024-10-07 21:25:09,422 [Worker-53: Building] INFO  o.e.m.c.i.embedder.EclipseLogger - skip non existing resourceDirectory D:\devsuperior\expert\modulo1\projeto\dscatalog\src\test\resources
2024-10-07 21:31:03,162 [Worker-50: Building] INFO  o.e.m.c.i.embedder.EclipseLogger - Using 'UTF-8' encoding to copy filtered resources.
2024-10-07 21:31:03,205 [Worker-50: Building] INFO  o.e.m.c.i.embedder.EclipseLogger - Copying 2 resources
2024-10-07 21:31:03,208 [Worker-50: Building] INFO  o.e.m.c.i.embedder.EclipseLogger - Copying 1 resource
2024-10-07 21:31:03,212 [Worker-50: Building] INFO  o.e.m.c.i.embedder.EclipseLogger - Using 'UTF-8' encoding to copy filtered resources.
2024-10-07 21:31:03,212 [Worker-50: Building] INFO  o.e.m.c.i.embedder.EclipseLogger - skip non existing resourceDirectory D:\devsuperior\expert\modulo1\projeto\dscatalog\src\test\resources
2024-10-07 21:32:01,422 [Worker-54: Building] INFO  o.e.m.c.i.embedder.EclipseLogger - Using 'UTF-8' encoding to copy filtered resources.
2024-10-07 21:32:01,424 [Worker-54: Building] INFO  o.e.m.c.i.embedder.EclipseLogger - Copying 2 resources
2024-10-07 21:32:01,428 [Worker-54: Building] INFO  o.e.m.c.i.embedder.EclipseLogger - Copying 1 resource
2024-10-07 21:32:01,432 [Worker-54: Building] INFO  o.e.m.c.i.embedder.EclipseLogger - Using 'UTF-8' encoding to copy filtered resources.
2024-10-07 21:32:01,432 [Worker-54: Building] INFO  o.e.m.c.i.embedder.EclipseLogger - skip non existing resourceDirectory D:\devsuperior\expert\modulo1\projeto\dscatalog\src\test\resources
2024-10-07 22:03:42,853 [Worker-62: Building] INFO  o.e.m.c.i.embedder.EclipseLogger - Using 'UTF-8' encoding to copy filtered resources.
2024-10-07 22:03:42,855 [Worker-62: Building] INFO  o.e.m.c.i.embedder.EclipseLogger - Copying 2 resources
2024-10-07 22:03:42,857 [Worker-62: Building] INFO  o.e.m.c.i.embedder.EclipseLogger - Copying 1 resource
2024-10-07 22:03:42,863 [Worker-62: Building] INFO  o.e.m.c.i.embedder.EclipseLogger - Using 'UTF-8' encoding to copy filtered resources.
2024-10-07 22:03:42,863 [Worker-62: Building] INFO  o.e.m.c.i.embedder.EclipseLogger - skip non existing resourceDirectory D:\devsuperior\expert\modulo1\projeto\dscatalog\src\test\resources
2024-10-07 22:07:20,522 [Worker-61: Building] INFO  o.e.m.c.i.embedder.EclipseLogger - Using 'UTF-8' encoding to copy filtered resources.
2024-10-07 22:07:20,524 [Worker-61: Building] INFO  o.e.m.c.i.embedder.EclipseLogger - Copying 2 resources
2024-10-07 22:07:20,528 [Worker-61: Building] INFO  o.e.m.c.i.embedder.EclipseLogger - Copying 1 resource
2024-10-07 22:07:20,583 [Worker-61: Building] INFO  o.e.m.c.i.embedder.EclipseLogger - Using 'UTF-8' encoding to copy filtered resources.
2024-10-07 22:07:20,583 [Worker-61: Building] INFO  o.e.m.c.i.embedder.EclipseLogger - skip non existing resourceDirectory D:\devsuperior\expert\modulo1\projeto\dscatalog\src\test\resources
2024-10-07 22:09:49,051 [Worker-66: Building] INFO  o.e.m.c.i.embedder.EclipseLogger - Using 'UTF-8' encoding to copy filtered resources.
2024-10-07 22:09:49,052 [Worker-66: Building] INFO  o.e.m.c.i.embedder.EclipseLogger - Copying 2 resources
2024-10-07 22:09:49,055 [Worker-66: Building] INFO  o.e.m.c.i.embedder.EclipseLogger - Copying 1 resource
2024-10-07 22:09:49,059 [Worker-66: Building] INFO  o.e.m.c.i.embedder.EclipseLogger - Using 'UTF-8' encoding to copy filtered resources.
2024-10-07 22:09:49,060 [Worker-66: Building] INFO  o.e.m.c.i.embedder.EclipseLogger - skip non existing resourceDirectory D:\devsuperior\expert\modulo1\projeto\dscatalog\src\test\resources
2024-10-07 22:12:02,892 [Worker-70: Building] INFO  o.e.m.c.i.embedder.EclipseLogger - Using 'UTF-8' encoding to copy filtered resources.
2024-10-07 22:12:02,894 [Worker-70: Building] INFO  o.e.m.c.i.embedder.EclipseLogger - Copying 2 resources
2024-10-07 22:12:02,898 [Worker-70: Building] INFO  o.e.m.c.i.embedder.EclipseLogger - Copying 1 resource
2024-10-07 22:12:02,902 [Worker-70: Building] INFO  o.e.m.c.i.embedder.EclipseLogger - Using 'UTF-8' encoding to copy filtered resources.
2024-10-07 22:12:02,903 [Worker-70: Building] INFO  o.e.m.c.i.embedder.EclipseLogger - skip non existing resourceDirectory D:\devsuperior\expert\modulo1\projeto\dscatalog\src\test\resources
2024-10-07 22:18:44,061 [Worker-68: Building] INFO  o.e.m.c.i.embedder.EclipseLogger - Using 'UTF-8' encoding to copy filtered resources.
2024-10-07 22:18:44,063 [Worker-68: Building] INFO  o.e.m.c.i.embedder.EclipseLogger - Copying 2 resources
2024-10-07 22:18:44,070 [Worker-68: Building] INFO  o.e.m.c.i.embedder.EclipseLogger - Copying 1 resource
2024-10-07 22:18:44,142 [Worker-68: Building] INFO  o.e.m.c.i.embedder.EclipseLogger - Using 'UTF-8' encoding to copy filtered resources.
2024-10-07 22:18:44,142 [Worker-68: Building] INFO  o.e.m.c.i.embedder.EclipseLogger - skip non existing resourceDirectory D:\devsuperior\expert\modulo1\projeto\dscatalog\src\test\resources
2024-10-07 22:18:53,464 [Worker-75: Building] INFO  o.e.m.c.i.embedder.EclipseLogger - Using 'UTF-8' encoding to copy filtered resources.
2024-10-07 22:18:53,466 [Worker-75: Building] INFO  o.e.m.c.i.embedder.EclipseLogger - Copying 2 resources
2024-10-07 22:18:53,469 [Worker-75: Building] INFO  o.e.m.c.i.embedder.EclipseLogger - Copying 1 resource
2024-10-07 22:18:53,472 [Worker-75: Building] INFO  o.e.m.c.i.embedder.EclipseLogger - Using 'UTF-8' encoding to copy filtered resources.
2024-10-07 22:18:53,473 [Worker-75: Building] INFO  o.e.m.c.i.embedder.EclipseLogger - skip non existing resourceDirectory D:\devsuperior\expert\modulo1\projeto\dscatalog\src\test\resources
2024-10-07 22:19:17,775 [Worker-70: Building] INFO  o.e.m.c.i.embedder.EclipseLogger - Using 'UTF-8' encoding to copy filtered resources.
2024-10-07 22:19:17,777 [Worker-70: Building] INFO  o.e.m.c.i.embedder.EclipseLogger - Copying 2 resources
2024-10-07 22:19:17,780 [Worker-70: Building] INFO  o.e.m.c.i.embedder.EclipseLogger - Copying 1 resource
2024-10-07 22:19:17,783 [Worker-70: Building] INFO  o.e.m.c.i.embedder.EclipseLogger - Using 'UTF-8' encoding to copy filtered resources.
2024-10-07 22:19:17,784 [Worker-70: Building] INFO  o.e.m.c.i.embedder.EclipseLogger - skip non existing resourceDirectory D:\devsuperior\expert\modulo1\projeto\dscatalog\src\test\resources
2024-10-07 22:19:19,347 [Worker-73: Building] INFO  o.e.m.c.i.embedder.EclipseLogger - Using 'UTF-8' encoding to copy filtered resources.
2024-10-07 22:19:19,348 [Worker-73: Building] INFO  o.e.m.c.i.embedder.EclipseLogger - Copying 2 resources
2024-10-07 22:19:19,352 [Worker-73: Building] INFO  o.e.m.c.i.embedder.EclipseLogger - Copying 1 resource
2024-10-07 22:19:19,355 [Worker-73: Building] INFO  o.e.m.c.i.embedder.EclipseLogger - Using 'UTF-8' encoding to copy filtered resources.
2024-10-07 22:19:19,355 [Worker-73: Building] INFO  o.e.m.c.i.embedder.EclipseLogger - skip non existing resourceDirectory D:\devsuperior\expert\modulo1\projeto\dscatalog\src\test\resources
2024-10-07 22:22:44,780 [Worker-75: Building] INFO  o.e.m.c.i.embedder.EclipseLogger - Using 'UTF-8' encoding to copy filtered resources.
2024-10-07 22:22:44,782 [Worker-75: Building] INFO  o.e.m.c.i.embedder.EclipseLogger - Copying 2 resources
2024-10-07 22:22:44,785 [Worker-75: Building] INFO  o.e.m.c.i.embedder.EclipseLogger - Copying 1 resource
2024-10-07 22:22:44,790 [Worker-75: Building] INFO  o.e.m.c.i.embedder.EclipseLogger - Using 'UTF-8' encoding to copy filtered resources.
2024-10-07 22:22:44,790 [Worker-75: Building] INFO  o.e.m.c.i.embedder.EclipseLogger - skip non existing resourceDirectory D:\devsuperior\expert\modulo1\projeto\dscatalog\src\test\resources
2024-10-07 22:24:27,027 [Worker-77: Building] INFO  o.e.m.c.i.embedder.EclipseLogger - Using 'UTF-8' encoding to copy filtered resources.
2024-10-07 22:24:27,028 [Worker-77: Building] INFO  o.e.m.c.i.embedder.EclipseLogger - Copying 2 resources
2024-10-07 22:24:27,032 [Worker-77: Building] INFO  o.e.m.c.i.embedder.EclipseLogger - Copying 1 resource
2024-10-07 22:24:27,038 [Worker-77: Building] INFO  o.e.m.c.i.embedder.EclipseLogger - Using 'UTF-8' encoding to copy filtered resources.
2024-10-07 22:24:27,038 [Worker-77: Building] INFO  o.e.m.c.i.embedder.EclipseLogger - skip non existing resourceDirectory D:\devsuperior\expert\modulo1\projeto\dscatalog\src\test\resources
2024-10-07 22:24:40,676 [Worker-79: Building] INFO  o.e.m.c.i.embedder.EclipseLogger - Using 'UTF-8' encoding to copy filtered resources.
2024-10-07 22:24:40,677 [Worker-79: Building] INFO  o.e.m.c.i.embedder.EclipseLogger - Copying 2 resources
2024-10-07 22:24:40,679 [Worker-79: Building] INFO  o.e.m.c.i.embedder.EclipseLogger - Copying 1 resource
2024-10-07 22:24:40,683 [Worker-79: Building] INFO  o.e.m.c.i.embedder.EclipseLogger - Using 'UTF-8' encoding to copy filtered resources.
2024-10-07 22:24:40,683 [Worker-79: Building] INFO  o.e.m.c.i.embedder.EclipseLogger - skip non existing resourceDirectory D:\devsuperior\expert\modulo1\projeto\dscatalog\src\test\resources
2024-10-07 22:25:55,834 [Worker-76: Building] INFO  o.e.m.c.i.embedder.EclipseLogger - Using 'UTF-8' encoding to copy filtered resources.
2024-10-07 22:25:55,835 [Worker-76: Building] INFO  o.e.m.c.i.embedder.EclipseLogger - Copying 2 resources
2024-10-07 22:25:55,840 [Worker-76: Building] INFO  o.e.m.c.i.embedder.EclipseLogger - Copying 1 resource
2024-10-07 22:25:55,847 [Worker-76: Building] INFO  o.e.m.c.i.embedder.EclipseLogger - Using 'UTF-8' encoding to copy filtered resources.
2024-10-07 22:25:55,847 [Worker-76: Building] INFO  o.e.m.c.i.embedder.EclipseLogger - skip non existing resourceDirectory D:\devsuperior\expert\modulo1\projeto\dscatalog\src\test\resources
2024-10-07 22:29:52,190 [Worker-81: Building] INFO  o.e.m.c.i.embedder.EclipseLogger - Using 'UTF-8' encoding to copy filtered resources.
2024-10-07 22:29:52,191 [Worker-81: Building] INFO  o.e.m.c.i.embedder.EclipseLogger - Copying 2 resources
2024-10-07 22:29:52,194 [Worker-81: Building] INFO  o.e.m.c.i.embedder.EclipseLogger - Copying 1 resource
2024-10-07 22:29:52,199 [Worker-81: Building] INFO  o.e.m.c.i.embedder.EclipseLogger - Using 'UTF-8' encoding to copy filtered resources.
2024-10-07 22:29:52,200 [Worker-81: Building] INFO  o.e.m.c.i.embedder.EclipseLogger - skip non existing resourceDirectory D:\devsuperior\expert\modulo1\projeto\dscatalog\src\test\resources
2025-03-17 20:38:22,080 [Worker-0: Loading available Gradle versions] INFO  o.e.b.c.i.u.g.PublishedGradleVersions - Gradle version information cache is out-of-date. Trying to update.
2025-03-17 20:52:06,618 [Worker-25: Building] INFO  o.e.m.c.i.embedder.EclipseLogger - Using 'UTF-8' encoding to copy filtered resources.
2025-03-17 20:52:06,706 [Worker-25: Building] INFO  o.e.m.c.i.embedder.EclipseLogger - Copying 2 resources
2025-03-17 20:52:06,754 [Worker-25: Building] INFO  o.e.m.c.i.embedder.EclipseLogger - Copying 1 resource
2025-03-17 20:52:06,814 [Worker-25: Building] INFO  o.e.m.c.i.embedder.EclipseLogger - Using 'UTF-8' encoding to copy filtered resources.
2025-03-17 20:52:06,815 [Worker-25: Building] INFO  o.e.m.c.i.embedder.EclipseLogger - skip non existing resourceDirectory D:\devsuperior\expert\modulo1\projeto\dscatalog\src\test\resources
2025-03-17 21:02:09,827 [Worker-1: Loading available Gradle versions] INFO  o.e.b.c.i.u.g.PublishedGradleVersions - Gradle version information cache is up-to-date. Trying to read.
2025-03-17 21:03:23,729 [Worker-18: Building] INFO  o.e.m.c.i.embedder.EclipseLogger - Using 'UTF-8' encoding to copy filtered resources.
2025-03-17 21:03:23,741 [Worker-18: Building] INFO  o.e.m.c.i.embedder.EclipseLogger - Copying 2 resources
2025-03-17 21:03:23,773 [Worker-18: Building] INFO  o.e.m.c.i.embedder.EclipseLogger - Copying 1 resource
2025-03-17 21:03:23,783 [Worker-18: Building] INFO  o.e.m.c.i.embedder.EclipseLogger - Using 'UTF-8' encoding to copy filtered resources.
2025-03-17 21:03:23,783 [Worker-18: Building] INFO  o.e.m.c.i.embedder.EclipseLogger - skip non existing resourceDirectory D:\devsuperior\expert\modulo1\projeto\dscatalog\src\test\resources
2025-03-17 21:03:59,556 [Worker-1: Building] INFO  o.e.m.c.i.embedder.EclipseLogger - Using 'UTF-8' encoding to copy filtered resources.
2025-03-17 21:03:59,572 [Worker-1: Building] INFO  o.e.m.c.i.embedder.EclipseLogger - Copying 2 resources
2025-03-17 21:03:59,580 [Worker-1: Building] INFO  o.e.m.c.i.embedder.EclipseLogger - Copying 1 resource
2025-03-17 21:03:59,588 [Worker-1: Building] INFO  o.e.m.c.i.embedder.EclipseLogger - Using 'UTF-8' encoding to copy filtered resources.
2025-03-17 21:03:59,588 [Worker-1: Building] INFO  o.e.m.c.i.embedder.EclipseLogger - skip non existing resourceDirectory D:\devsuperior\expert\modulo1\projeto\dscatalog\src\test\resources
2025-03-17 21:06:58,959 [Worker-25: Building] INFO  o.e.m.c.i.embedder.EclipseLogger - Using 'UTF-8' encoding to copy filtered resources.
2025-03-17 21:06:58,961 [Worker-25: Building] INFO  o.e.m.c.i.embedder.EclipseLogger - Copying 2 resources
2025-03-17 21:06:58,966 [Worker-25: Building] INFO  o.e.m.c.i.embedder.EclipseLogger - Copying 1 resource
2025-03-17 21:06:58,976 [Worker-25: Building] INFO  o.e.m.c.i.embedder.EclipseLogger - Using 'UTF-8' encoding to copy filtered resources.
2025-03-17 21:06:58,977 [Worker-25: Building] INFO  o.e.m.c.i.embedder.EclipseLogger - skip non existing resourceDirectory D:\devsuperior\expert\modulo1\projeto\dscatalog\src\test\resources
2025-03-17 21:07:33,076 [Worker-17: Building] INFO  o.e.m.c.i.embedder.EclipseLogger - Using 'UTF-8' encoding to copy filtered resources.
2025-03-17 21:07:33,079 [Worker-17: Building] INFO  o.e.m.c.i.embedder.EclipseLogger - Copying 2 resources
2025-03-17 21:07:33,084 [Worker-17: Building] INFO  o.e.m.c.i.embedder.EclipseLogger - Copying 1 resource
2025-03-17 21:07:33,091 [Worker-17: Building] INFO  o.e.m.c.i.embedder.EclipseLogger - Using 'UTF-8' encoding to copy filtered resources.
2025-03-17 21:07:33,092 [Worker-17: Building] INFO  o.e.m.c.i.embedder.EclipseLogger - skip non existing resourceDirectory D:\devsuperior\expert\modulo1\projeto\dscatalog\src\test\resources
2025-03-17 21:07:44,363 [Worker-17: Building] INFO  o.e.m.c.i.embedder.EclipseLogger - Using 'UTF-8' encoding to copy filtered resources.
2025-03-17 21:07:44,365 [Worker-17: Building] INFO  o.e.m.c.i.embedder.EclipseLogger - Copying 2 resources
2025-03-17 21:07:44,371 [Worker-17: Building] INFO  o.e.m.c.i.embedder.EclipseLogger - Copying 1 resource
2025-03-17 21:07:44,380 [Worker-17: Building] INFO  o.e.m.c.i.embedder.EclipseLogger - Using 'UTF-8' encoding to copy filtered resources.
2025-03-17 21:07:44,381 [Worker-17: Building] INFO  o.e.m.c.i.embedder.EclipseLogger - skip non existing resourceDirectory D:\devsuperior\expert\modulo1\projeto\dscatalog\src\test\resources
2025-03-17 21:13:26,520 [Worker-30: Building] INFO  o.e.m.c.i.embedder.EclipseLogger - Using 'UTF-8' encoding to copy filtered resources.
2025-03-17 21:13:26,522 [Worker-30: Building] INFO  o.e.m.c.i.embedder.EclipseLogger - Copying 2 resources
2025-03-17 21:13:26,527 [Worker-30: Building] INFO  o.e.m.c.i.embedder.EclipseLogger - Copying 1 resource
2025-03-17 21:13:26,532 [Worker-30: Building] INFO  o.e.m.c.i.embedder.EclipseLogger - Using 'UTF-8' encoding to copy filtered resources.
2025-03-17 21:13:26,533 [Worker-30: Building] INFO  o.e.m.c.i.embedder.EclipseLogger - skip non existing resourceDirectory D:\devsuperior\expert\modulo1\projeto\dscatalog\src\test\resources
2025-03-17 21:13:41,418 [Worker-2: Building] INFO  o.e.m.c.i.embedder.EclipseLogger - Using 'UTF-8' encoding to copy filtered resources.
2025-03-17 21:13:41,421 [Worker-2: Building] INFO  o.e.m.c.i.embedder.EclipseLogger - Copying 2 resources
2025-03-17 21:13:41,425 [Worker-2: Building] INFO  o.e.m.c.i.embedder.EclipseLogger - Copying 1 resource
2025-03-17 21:13:41,436 [Worker-2: Building] INFO  o.e.m.c.i.embedder.EclipseLogger - Using 'UTF-8' encoding to copy filtered resources.
2025-03-17 21:13:41,436 [Worker-2: Building] INFO  o.e.m.c.i.embedder.EclipseLogger - skip non existing resourceDirectory D:\devsuperior\expert\modulo1\projeto\dscatalog\src\test\resources
2025-03-17 21:15:03,900 [Worker-31: Building] INFO  o.e.m.c.i.embedder.EclipseLogger - Using 'UTF-8' encoding to copy filtered resources.
2025-03-17 21:15:03,902 [Worker-31: Building] INFO  o.e.m.c.i.embedder.EclipseLogger - Copying 2 resources
2025-03-17 21:15:03,907 [Worker-31: Building] INFO  o.e.m.c.i.embedder.EclipseLogger - Copying 1 resource
2025-03-17 21:15:03,918 [Worker-31: Building] INFO  o.e.m.c.i.embedder.EclipseLogger - Using 'UTF-8' encoding to copy filtered resources.
2025-03-17 21:15:03,918 [Worker-31: Building] INFO  o.e.m.c.i.embedder.EclipseLogger - skip non existing resourceDirectory D:\devsuperior\expert\modulo1\projeto\dscatalog\src\test\resources
2025-03-17 21:22:12,714 [Worker-38: Building] INFO  o.e.m.c.i.embedder.EclipseLogger - Using 'UTF-8' encoding to copy filtered resources.
2025-03-17 21:22:12,716 [Worker-38: Building] INFO  o.e.m.c.i.embedder.EclipseLogger - Copying 2 resources
2025-03-17 21:22:12,720 [Worker-38: Building] INFO  o.e.m.c.i.embedder.EclipseLogger - Copying 1 resource
2025-03-17 21:22:12,726 [Worker-38: Building] INFO  o.e.m.c.i.embedder.EclipseLogger - Using 'UTF-8' encoding to copy filtered resources.
2025-03-17 21:22:12,726 [Worker-38: Building] INFO  o.e.m.c.i.embedder.EclipseLogger - skip non existing resourceDirectory D:\devsuperior\expert\modulo1\projeto\dscatalog\src\test\resources
2025-03-17 21:22:55,726 [Worker-33: Building] INFO  o.e.m.c.i.embedder.EclipseLogger - Using 'UTF-8' encoding to copy filtered resources.
2025-03-17 21:22:55,728 [Worker-33: Building] INFO  o.e.m.c.i.embedder.EclipseLogger - Copying 2 resources
2025-03-17 21:22:55,733 [Worker-33: Building] INFO  o.e.m.c.i.embedder.EclipseLogger - Copying 1 resource
2025-03-17 21:22:55,739 [Worker-33: Building] INFO  o.e.m.c.i.embedder.EclipseLogger - Using 'UTF-8' encoding to copy filtered resources.
2025-03-17 21:22:55,740 [Worker-33: Building] INFO  o.e.m.c.i.embedder.EclipseLogger - skip non existing resourceDirectory D:\devsuperior\expert\modulo1\projeto\dscatalog\src\test\resources
2025-03-17 21:23:35,220 [Worker-33: Building] INFO  o.e.m.c.i.embedder.EclipseLogger - Using 'UTF-8' encoding to copy filtered resources.
2025-03-17 21:23:35,223 [Worker-33: Building] INFO  o.e.m.c.i.embedder.EclipseLogger - Copying 2 resources
2025-03-17 21:23:35,233 [Worker-33: Building] INFO  o.e.m.c.i.embedder.EclipseLogger - Copying 1 resource
2025-03-17 21:23:35,243 [Worker-33: Building] INFO  o.e.m.c.i.embedder.EclipseLogger - Using 'UTF-8' encoding to copy filtered resources.
2025-03-17 21:23:35,243 [Worker-33: Building] INFO  o.e.m.c.i.embedder.EclipseLogger - skip non existing resourceDirectory D:\devsuperior\expert\modulo1\projeto\dscatalog\src\test\resources
2025-03-17 21:24:02,720 [Worker-36: Building] INFO  o.e.m.c.i.embedder.EclipseLogger - Using 'UTF-8' encoding to copy filtered resources.
2025-03-17 21:24:02,722 [Worker-36: Building] INFO  o.e.m.c.i.embedder.EclipseLogger - Copying 2 resources
2025-03-17 21:24:02,729 [Worker-36: Building] INFO  o.e.m.c.i.embedder.EclipseLogger - Copying 1 resource
2025-03-17 21:24:02,735 [Worker-36: Building] INFO  o.e.m.c.i.embedder.EclipseLogger - Using 'UTF-8' encoding to copy filtered resources.
2025-03-17 21:24:02,736 [Worker-36: Building] INFO  o.e.m.c.i.embedder.EclipseLogger - skip non existing resourceDirectory D:\devsuperior\expert\modulo1\projeto\dscatalog\src\test\resources
2025-03-17 21:25:25,944 [Worker-39: Building] INFO  o.e.m.c.i.embedder.EclipseLogger - Using 'UTF-8' encoding to copy filtered resources.
2025-03-17 21:25:25,947 [Worker-39: Building] INFO  o.e.m.c.i.embedder.EclipseLogger - Copying 2 resources
2025-03-17 21:25:25,953 [Worker-39: Building] INFO  o.e.m.c.i.embedder.EclipseLogger - Copying 1 resource
2025-03-17 21:25:25,959 [Worker-39: Building] INFO  o.e.m.c.i.embedder.EclipseLogger - Using 'UTF-8' encoding to copy filtered resources.
2025-03-17 21:25:25,960 [Worker-39: Building] INFO  o.e.m.c.i.embedder.EclipseLogger - skip non existing resourceDirectory D:\devsuperior\expert\modulo1\projeto\dscatalog\src\test\resources
2025-03-17 21:26:39,101 [Worker-2: Building] INFO  o.e.m.c.i.embedder.EclipseLogger - Using 'UTF-8' encoding to copy filtered resources.
2025-03-17 21:26:39,104 [Worker-2: Building] INFO  o.e.m.c.i.embedder.EclipseLogger - Copying 0 resource
2025-03-17 21:26:39,104 [Worker-2: Building] INFO  o.e.m.c.i.embedder.EclipseLogger - Copying 1 resource
2025-03-17 21:26:39,119 [Worker-2: Building] INFO  o.e.m.c.i.embedder.EclipseLogger - Using 'UTF-8' encoding to copy filtered resources.
2025-03-17 21:26:39,119 [Worker-2: Building] INFO  o.e.m.c.i.embedder.EclipseLogger - skip non existing resourceDirectory D:\devsuperior\expert\modulo1\projeto\dscatalog\src\test\resources
2025-03-17 21:36:47,380 [Worker-41: Building] INFO  o.e.m.c.i.embedder.EclipseLogger - Using 'UTF-8' encoding to copy filtered resources.
2025-03-17 21:36:47,381 [Worker-41: Building] INFO  o.e.m.c.i.embedder.EclipseLogger - Copying 0 resource
2025-03-17 21:36:47,382 [Worker-41: Building] INFO  o.e.m.c.i.embedder.EclipseLogger - Copying 1 resource
2025-03-17 21:36:47,391 [Worker-41: Building] INFO  o.e.m.c.i.embedder.EclipseLogger - Using 'UTF-8' encoding to copy filtered resources.
2025-03-17 21:36:47,392 [Worker-41: Building] INFO  o.e.m.c.i.embedder.EclipseLogger - skip non existing resourceDirectory D:\devsuperior\expert\modulo1\projeto\dscatalog\src\test\resources
2025-03-17 21:37:06,402 [Worker-40: Building] INFO  o.e.m.c.i.embedder.EclipseLogger - Using 'UTF-8' encoding to copy filtered resources.
2025-03-17 21:37:06,402 [Worker-40: Building] INFO  o.e.m.c.i.embedder.EclipseLogger - Copying 0 resource
2025-03-17 21:37:06,403 [Worker-40: Building] INFO  o.e.m.c.i.embedder.EclipseLogger - Copying 1 resource
2025-03-17 21:37:06,411 [Worker-40: Building] INFO  o.e.m.c.i.embedder.EclipseLogger - Using 'UTF-8' encoding to copy filtered resources.
2025-03-17 21:37:06,412 [Worker-40: Building] INFO  o.e.m.c.i.embedder.EclipseLogger - skip non existing resourceDirectory D:\devsuperior\expert\modulo1\projeto\dscatalog\src\test\resources
2025-03-17 21:37:46,189 [Worker-44: Building] INFO  o.e.m.c.i.embedder.EclipseLogger - Using 'UTF-8' encoding to copy filtered resources.
2025-03-17 21:37:46,190 [Worker-44: Building] INFO  o.e.m.c.i.embedder.EclipseLogger - Copying 2 resources
2025-03-17 21:37:46,195 [Worker-44: Building] INFO  o.e.m.c.i.embedder.EclipseLogger - Copying 1 resource
2025-03-17 21:37:46,201 [Worker-44: Building] INFO  o.e.m.c.i.embedder.EclipseLogger - Using 'UTF-8' encoding to copy filtered resources.
2025-03-17 21:37:46,201 [Worker-44: Building] INFO  o.e.m.c.i.embedder.EclipseLogger - skip non existing resourceDirectory D:\devsuperior\expert\modulo1\projeto\dscatalog\src\test\resources
2025-03-17 21:45:50,263 [Worker-52: Building] INFO  o.e.m.c.i.embedder.EclipseLogger - Using 'UTF-8' encoding to copy filtered resources.
2025-03-17 21:45:50,266 [Worker-52: Building] INFO  o.e.m.c.i.embedder.EclipseLogger - Copying 2 resources
2025-03-17 21:45:50,296 [Worker-52: Building] INFO  o.e.m.c.i.embedder.EclipseLogger - Copying 1 resource
2025-03-17 21:45:50,301 [Worker-52: Building] INFO  o.e.m.c.i.embedder.EclipseLogger - Using 'UTF-8' encoding to copy filtered resources.
2025-03-17 21:45:50,302 [Worker-52: Building] INFO  o.e.m.c.i.embedder.EclipseLogger - skip non existing resourceDirectory D:\devsuperior\expert\modulo1\projeto\dscatalog\src\test\resources
2025-03-17 21:48:55,330 [Worker-51: Building] INFO  o.e.m.c.i.embedder.EclipseLogger - Using 'UTF-8' encoding to copy filtered resources.
2025-03-17 21:48:55,332 [Worker-51: Building] INFO  o.e.m.c.i.embedder.EclipseLogger - Copying 2 resources
2025-03-17 21:48:55,338 [Worker-51: Building] INFO  o.e.m.c.i.embedder.EclipseLogger - Copying 1 resource
2025-03-17 21:48:55,344 [Worker-51: Building] INFO  o.e.m.c.i.embedder.EclipseLogger - Using 'UTF-8' encoding to copy filtered resources.
2025-03-17 21:48:55,344 [Worker-51: Building] INFO  o.e.m.c.i.embedder.EclipseLogger - skip non existing resourceDirectory D:\devsuperior\expert\modulo1\projeto\dscatalog\src\test\resources
2025-03-17 21:49:32,982 [Worker-42: Building] INFO  o.e.m.c.i.embedder.EclipseLogger - Using 'UTF-8' encoding to copy filtered resources.
2025-03-17 21:49:32,984 [Worker-42: Building] INFO  o.e.m.c.i.embedder.EclipseLogger - Copying 2 resources
2025-03-17 21:49:32,988 [Worker-42: Building] INFO  o.e.m.c.i.embedder.EclipseLogger - Copying 1 resource
2025-03-17 21:49:32,994 [Worker-42: Building] INFO  o.e.m.c.i.embedder.EclipseLogger - Using 'UTF-8' encoding to copy filtered resources.
2025-03-17 21:49:32,994 [Worker-42: Building] INFO  o.e.m.c.i.embedder.EclipseLogger - skip non existing resourceDirectory D:\devsuperior\expert\modulo1\projeto\dscatalog\src\test\resources
2025-03-17 21:51:40,261 [Worker-51: Building] INFO  o.e.m.c.i.embedder.EclipseLogger - Using 'UTF-8' encoding to copy filtered resources.
2025-03-17 21:51:40,264 [Worker-51: Building] INFO  o.e.m.c.i.embedder.EclipseLogger - Copying 2 resources
2025-03-17 21:51:40,269 [Worker-51: Building] INFO  o.e.m.c.i.embedder.EclipseLogger - Copying 1 resource
2025-03-17 21:51:40,276 [Worker-51: Building] INFO  o.e.m.c.i.embedder.EclipseLogger - Using 'UTF-8' encoding to copy filtered resources.
2025-03-17 21:51:40,276 [Worker-51: Building] INFO  o.e.m.c.i.embedder.EclipseLogger - skip non existing resourceDirectory D:\devsuperior\expert\modulo1\projeto\dscatalog\src\test\resources
2025-03-17 21:51:49,975 [Worker-47: Building] INFO  o.e.m.c.i.embedder.EclipseLogger - Using 'UTF-8' encoding to copy filtered resources.
2025-03-17 21:51:49,977 [Worker-47: Building] INFO  o.e.m.c.i.embedder.EclipseLogger - Copying 2 resources
2025-03-17 21:51:49,982 [Worker-47: Building] INFO  o.e.m.c.i.embedder.EclipseLogger - Copying 1 resource
2025-03-17 21:51:49,991 [Worker-47: Building] INFO  o.e.m.c.i.embedder.EclipseLogger - Using 'UTF-8' encoding to copy filtered resources.
2025-03-17 21:51:49,992 [Worker-47: Building] INFO  o.e.m.c.i.embedder.EclipseLogger - skip non existing resourceDirectory D:\devsuperior\expert\modulo1\projeto\dscatalog\src\test\resources
2025-03-17 21:52:33,708 [Worker-42: Building] INFO  o.e.m.c.i.embedder.EclipseLogger - Using 'UTF-8' encoding to copy filtered resources.
2025-03-17 21:52:33,709 [Worker-42: Building] INFO  o.e.m.c.i.embedder.EclipseLogger - Copying 0 resource
2025-03-17 21:52:33,710 [Worker-42: Building] INFO  o.e.m.c.i.embedder.EclipseLogger - Copying 1 resource
2025-03-17 21:52:33,717 [Worker-42: Building] INFO  o.e.m.c.i.embedder.EclipseLogger - Using 'UTF-8' encoding to copy filtered resources.
2025-03-17 21:52:33,718 [Worker-42: Building] INFO  o.e.m.c.i.embedder.EclipseLogger - skip non existing resourceDirectory D:\devsuperior\expert\modulo1\projeto\dscatalog\src\test\resources
2025-03-17 21:53:39,104 [Worker-55: Building] INFO  o.e.m.c.i.embedder.EclipseLogger - Using 'UTF-8' encoding to copy filtered resources.
2025-03-17 21:53:39,105 [Worker-55: Building] INFO  o.e.m.c.i.embedder.EclipseLogger - Copying 0 resource
2025-03-17 21:53:39,105 [Worker-55: Building] INFO  o.e.m.c.i.embedder.EclipseLogger - Copying 1 resource
2025-03-17 21:53:39,113 [Worker-55: Building] INFO  o.e.m.c.i.embedder.EclipseLogger - Using 'UTF-8' encoding to copy filtered resources.
2025-03-17 21:53:39,114 [Worker-55: Building] INFO  o.e.m.c.i.embedder.EclipseLogger - skip non existing resourceDirectory D:\devsuperior\expert\modulo1\projeto\dscatalog\src\test\resources
2025-03-17 22:01:09,082 [Worker-57: Building] INFO  o.e.m.c.i.embedder.EclipseLogger - Using 'UTF-8' encoding to copy filtered resources.
2025-03-17 22:01:09,085 [Worker-57: Building] INFO  o.e.m.c.i.embedder.EclipseLogger - Copying 2 resources
2025-03-17 22:01:09,090 [Worker-57: Building] INFO  o.e.m.c.i.embedder.EclipseLogger - Copying 1 resource
2025-03-17 22:01:09,097 [Worker-57: Building] INFO  o.e.m.c.i.embedder.EclipseLogger - Using 'UTF-8' encoding to copy filtered resources.
2025-03-17 22:01:09,097 [Worker-57: Building] INFO  o.e.m.c.i.embedder.EclipseLogger - skip non existing resourceDirectory D:\devsuperior\expert\modulo1\projeto\dscatalog\src\test\resources
2025-03-17 22:07:25,972 [Worker-66: Building] INFO  o.e.m.c.i.embedder.EclipseLogger - Using 'UTF-8' encoding to copy filtered resources.
2025-03-17 22:07:25,980 [Worker-66: Building] INFO  o.e.m.c.i.embedder.EclipseLogger - Copying 2 resources
2025-03-17 22:07:25,985 [Worker-66: Building] INFO  o.e.m.c.i.embedder.EclipseLogger - Copying 1 resource
2025-03-17 22:07:25,997 [Worker-66: Building] INFO  o.e.m.c.i.embedder.EclipseLogger - Using 'UTF-8' encoding to copy filtered resources.
2025-03-17 22:07:25,997 [Worker-66: Building] INFO  o.e.m.c.i.embedder.EclipseLogger - skip non existing resourceDirectory D:\devsuperior\expert\modulo1\projeto\dscatalog\src\test\resources
2025-03-17 22:14:08,472 [Worker-73: Building] INFO  o.e.m.c.i.embedder.EclipseLogger - Using 'UTF-8' encoding to copy filtered resources.
2025-03-17 22:14:08,475 [Worker-73: Building] INFO  o.e.m.c.i.embedder.EclipseLogger - Copying 2 resources
2025-03-17 22:14:08,480 [Worker-73: Building] INFO  o.e.m.c.i.embedder.EclipseLogger - Copying 1 resource
2025-03-17 22:14:08,487 [Worker-73: Building] INFO  o.e.m.c.i.embedder.EclipseLogger - Using 'UTF-8' encoding to copy filtered resources.
2025-03-17 22:14:08,487 [Worker-73: Building] INFO  o.e.m.c.i.embedder.EclipseLogger - skip non existing resourceDirectory D:\devsuperior\expert\modulo1\projeto\dscatalog\src\test\resources
2025-03-17 22:14:56,955 [Worker-66: Building] INFO  o.e.m.c.i.embedder.EclipseLogger - Using 'UTF-8' encoding to copy filtered resources.
2025-03-17 22:14:56,957 [Worker-66: Building] INFO  o.e.m.c.i.embedder.EclipseLogger - Copying 2 resources
2025-03-17 22:14:56,962 [Worker-66: Building] INFO  o.e.m.c.i.embedder.EclipseLogger - Copying 1 resource
2025-03-17 22:14:56,967 [Worker-66: Building] INFO  o.e.m.c.i.embedder.EclipseLogger - Using 'UTF-8' encoding to copy filtered resources.
2025-03-17 22:14:56,968 [Worker-66: Building] INFO  o.e.m.c.i.embedder.EclipseLogger - skip non existing resourceDirectory D:\devsuperior\expert\modulo1\projeto\dscatalog\src\test\resources
2025-03-17 22:15:37,140 [Worker-66: Building] INFO  o.e.m.c.i.embedder.EclipseLogger - Using 'UTF-8' encoding to copy filtered resources.
2025-03-17 22:15:37,142 [Worker-66: Building] INFO  o.e.m.c.i.embedder.EclipseLogger - Copying 2 resources
2025-03-17 22:15:37,146 [Worker-66: Building] INFO  o.e.m.c.i.embedder.EclipseLogger - Copying 1 resource
2025-03-17 22:15:37,153 [Worker-66: Building] INFO  o.e.m.c.i.embedder.EclipseLogger - Using 'UTF-8' encoding to copy filtered resources.
2025-03-17 22:15:37,153 [Worker-66: Building] INFO  o.e.m.c.i.embedder.EclipseLogger - skip non existing resourceDirectory D:\devsuperior\expert\modulo1\projeto\dscatalog\src\test\resources
2025-03-17 22:15:52,524 [Worker-73: Building] INFO  o.e.m.c.i.embedder.EclipseLogger - Using 'UTF-8' encoding to copy filtered resources.
2025-03-17 22:15:52,526 [Worker-73: Building] INFO  o.e.m.c.i.embedder.EclipseLogger - Copying 2 resources
2025-03-17 22:15:52,530 [Worker-73: Building] INFO  o.e.m.c.i.embedder.EclipseLogger - Copying 1 resource
2025-03-17 22:15:52,537 [Worker-73: Building] INFO  o.e.m.c.i.embedder.EclipseLogger - Using 'UTF-8' encoding to copy filtered resources.
2025-03-17 22:15:52,538 [Worker-73: Building] INFO  o.e.m.c.i.embedder.EclipseLogger - skip non existing resourceDirectory D:\devsuperior\expert\modulo1\projeto\dscatalog\src\test\resources
2025-03-17 22:16:09,167 [Worker-70: Building] INFO  o.e.m.c.i.embedder.EclipseLogger - Using 'UTF-8' encoding to copy filtered resources.
2025-03-17 22:16:09,170 [Worker-70: Building] INFO  o.e.m.c.i.embedder.EclipseLogger - Copying 2 resources
2025-03-17 22:16:09,176 [Worker-70: Building] INFO  o.e.m.c.i.embedder.EclipseLogger - Copying 1 resource
2025-03-17 22:16:09,183 [Worker-70: Building] INFO  o.e.m.c.i.embedder.EclipseLogger - Using 'UTF-8' encoding to copy filtered resources.
2025-03-17 22:16:09,183 [Worker-70: Building] INFO  o.e.m.c.i.embedder.EclipseLogger - skip non existing resourceDirectory D:\devsuperior\expert\modulo1\projeto\dscatalog\src\test\resources
2025-03-17 22:16:21,230 [Worker-70: Building] INFO  o.e.m.c.i.embedder.EclipseLogger - Using 'UTF-8' encoding to copy filtered resources.
2025-03-17 22:16:21,232 [Worker-70: Building] INFO  o.e.m.c.i.embedder.EclipseLogger - Copying 2 resources
2025-03-17 22:16:21,237 [Worker-70: Building] INFO  o.e.m.c.i.embedder.EclipseLogger - Copying 1 resource
2025-03-17 22:16:21,244 [Worker-70: Building] INFO  o.e.m.c.i.embedder.EclipseLogger - Using 'UTF-8' encoding to copy filtered resources.
2025-03-17 22:16:21,245 [Worker-70: Building] INFO  o.e.m.c.i.embedder.EclipseLogger - skip non existing resourceDirectory D:\devsuperior\expert\modulo1\projeto\dscatalog\src\test\resources
2025-03-17 22:23:09,857 [Worker-76: Building] INFO  o.e.m.c.i.embedder.EclipseLogger - Using 'UTF-8' encoding to copy filtered resources.
2025-03-17 22:23:09,860 [Worker-76: Building] INFO  o.e.m.c.i.embedder.EclipseLogger - Copying 2 resources
2025-03-17 22:23:09,865 [Worker-76: Building] INFO  o.e.m.c.i.embedder.EclipseLogger - Copying 1 resource
2025-03-17 22:23:09,872 [Worker-76: Building] INFO  o.e.m.c.i.embedder.EclipseLogger - Using 'UTF-8' encoding to copy filtered resources.
2025-03-17 22:23:09,872 [Worker-76: Building] INFO  o.e.m.c.i.embedder.EclipseLogger - skip non existing resourceDirectory D:\devsuperior\expert\modulo1\projeto\dscatalog\src\test\resources
2025-03-17 22:24:26,399 [Worker-75: Building] INFO  o.e.m.c.i.embedder.EclipseLogger - Using 'UTF-8' encoding to copy filtered resources.
2025-03-17 22:24:26,400 [Worker-75: Building] INFO  o.e.m.c.i.embedder.EclipseLogger - Copying 0 resource
2025-03-17 22:24:26,401 [Worker-75: Building] INFO  o.e.m.c.i.embedder.EclipseLogger - Copying 1 resource
2025-03-17 22:24:26,410 [Worker-75: Building] INFO  o.e.m.c.i.embedder.EclipseLogger - Using 'UTF-8' encoding to copy filtered resources.
2025-03-17 22:24:26,411 [Worker-75: Building] INFO  o.e.m.c.i.embedder.EclipseLogger - skip non existing resourceDirectory D:\devsuperior\expert\modulo1\projeto\dscatalog\src\test\resources
2025-03-17 22:25:27,072 [Worker-75: Building] INFO  o.e.m.c.i.embedder.EclipseLogger - Using 'UTF-8' encoding to copy filtered resources.
2025-03-17 22:25:27,074 [Worker-75: Building] INFO  o.e.m.c.i.embedder.EclipseLogger - Copying 2 resources
2025-03-17 22:25:27,077 [Worker-75: Building] INFO  o.e.m.c.i.embedder.EclipseLogger - Copying 1 resource
2025-03-17 22:25:27,083 [Worker-75: Building] INFO  o.e.m.c.i.embedder.EclipseLogger - Using 'UTF-8' encoding to copy filtered resources.
2025-03-17 22:25:27,083 [Worker-75: Building] INFO  o.e.m.c.i.embedder.EclipseLogger - skip non existing resourceDirectory D:\devsuperior\expert\modulo1\projeto\dscatalog\src\test\resources
2025-03-17 22:27:31,901 [Worker-82: Building] INFO  o.e.m.c.i.embedder.EclipseLogger - Using 'UTF-8' encoding to copy filtered resources.
2025-03-17 22:27:31,903 [Worker-82: Building] INFO  o.e.m.c.i.embedder.EclipseLogger - Copying 2 resources
2025-03-17 22:27:31,915 [Worker-82: Building] INFO  o.e.m.c.i.embedder.EclipseLogger - Copying 1 resource
2025-03-17 22:27:31,925 [Worker-82: Building] INFO  o.e.m.c.i.embedder.EclipseLogger - Using 'UTF-8' encoding to copy filtered resources.
2025-03-17 22:27:31,927 [Worker-82: Building] INFO  o.e.m.c.i.embedder.EclipseLogger - skip non existing resourceDirectory D:\devsuperior\expert\modulo1\projeto\dscatalog\src\test\resources
2025-03-17 22:28:06,702 [Worker-82: Building] INFO  o.e.m.c.i.embedder.EclipseLogger - Using 'UTF-8' encoding to copy filtered resources.
2025-03-17 22:28:06,715 [Worker-82: Building] INFO  o.e.m.c.i.embedder.EclipseLogger - Copying 2 resources
2025-03-17 22:28:06,722 [Worker-82: Building] INFO  o.e.m.c.i.embedder.EclipseLogger - Copying 1 resource
2025-03-17 22:28:06,729 [Worker-82: Building] INFO  o.e.m.c.i.embedder.EclipseLogger - Using 'UTF-8' encoding to copy filtered resources.
2025-03-17 22:28:06,729 [Worker-82: Building] INFO  o.e.m.c.i.embedder.EclipseLogger - skip non existing resourceDirectory D:\devsuperior\expert\modulo1\projeto\dscatalog\src\test\resources
2025-03-17 22:31:40,597 [Worker-81: Building] INFO  o.e.m.c.i.embedder.EclipseLogger - Using 'UTF-8' encoding to copy filtered resources.
2025-03-17 22:31:40,599 [Worker-81: Building] INFO  o.e.m.c.i.embedder.EclipseLogger - Copying 2 resources
2025-03-17 22:31:40,604 [Worker-81: Building] INFO  o.e.m.c.i.embedder.EclipseLogger - Copying 1 resource
2025-03-17 22:31:40,609 [Worker-81: Building] INFO  o.e.m.c.i.embedder.EclipseLogger - Using 'UTF-8' encoding to copy filtered resources.
2025-03-17 22:31:40,610 [Worker-81: Building] INFO  o.e.m.c.i.embedder.EclipseLogger - skip non existing resourceDirectory D:\devsuperior\expert\modulo1\projeto\dscatalog\src\test\resources
2025-03-17 22:32:03,577 [Worker-79: Building] INFO  o.e.m.c.i.embedder.EclipseLogger - Using 'UTF-8' encoding to copy filtered resources.
2025-03-17 22:32:03,579 [Worker-79: Building] INFO  o.e.m.c.i.embedder.EclipseLogger - Copying 2 resources
2025-03-17 22:32:03,584 [Worker-79: Building] INFO  o.e.m.c.i.embedder.EclipseLogger - Copying 1 resource
2025-03-17 22:32:03,589 [Worker-79: Building] INFO  o.e.m.c.i.embedder.EclipseLogger - Using 'UTF-8' encoding to copy filtered resources.
2025-03-17 22:32:03,590 [Worker-79: Building] INFO  o.e.m.c.i.embedder.EclipseLogger - skip non existing resourceDirectory D:\devsuperior\expert\modulo1\projeto\dscatalog\src\test\resources
2025-03-17 22:34:53,221 [Worker-74: Building] INFO  o.e.m.c.i.embedder.EclipseLogger - Using 'UTF-8' encoding to copy filtered resources.
2025-03-17 22:34:53,223 [Worker-74: Building] INFO  o.e.m.c.i.embedder.EclipseLogger - Copying 2 resources
2025-03-17 22:34:53,228 [Worker-74: Building] INFO  o.e.m.c.i.embedder.EclipseLogger - Copying 1 resource
2025-03-17 22:34:53,236 [Worker-74: Building] INFO  o.e.m.c.i.embedder.EclipseLogger - Using 'UTF-8' encoding to copy filtered resources.
2025-03-17 22:34:53,239 [Worker-74: Building] INFO  o.e.m.c.i.embedder.EclipseLogger - skip non existing resourceDirectory D:\devsuperior\expert\modulo1\projeto\dscatalog\src\test\resources
2025-03-17 22:35:42,909 [Worker-79: Building] INFO  o.e.m.c.i.embedder.EclipseLogger - Using 'UTF-8' encoding to copy filtered resources.
2025-03-17 22:35:42,911 [Worker-79: Building] INFO  o.e.m.c.i.embedder.EclipseLogger - Copying 2 resources
2025-03-17 22:35:42,914 [Worker-79: Building] INFO  o.e.m.c.i.embedder.EclipseLogger - Copying 1 resource
2025-03-17 22:35:42,920 [Worker-79: Building] INFO  o.e.m.c.i.embedder.EclipseLogger - Using 'UTF-8' encoding to copy filtered resources.
2025-03-17 22:35:42,920 [Worker-79: Building] INFO  o.e.m.c.i.embedder.EclipseLogger - skip non existing resourceDirectory D:\devsuperior\expert\modulo1\projeto\dscatalog\src\test\resources
2025-03-17 22:36:06,621 [Worker-80: Building] INFO  o.e.m.c.i.embedder.EclipseLogger - Using 'UTF-8' encoding to copy filtered resources.
2025-03-17 22:36:06,623 [Worker-80: Building] INFO  o.e.m.c.i.embedder.EclipseLogger - Copying 2 resources
2025-03-17 22:36:06,627 [Worker-80: Building] INFO  o.e.m.c.i.embedder.EclipseLogger - Copying 1 resource
2025-03-17 22:36:06,633 [Worker-80: Building] INFO  o.e.m.c.i.embedder.EclipseLogger - Using 'UTF-8' encoding to copy filtered resources.
2025-03-17 22:36:06,634 [Worker-80: Building] INFO  o.e.m.c.i.embedder.EclipseLogger - skip non existing resourceDirectory D:\devsuperior\expert\modulo1\projeto\dscatalog\src\test\resources
2025-03-29 13:35:35,523 [Worker-1: Loading available Gradle versions] INFO  o.e.b.c.i.u.g.PublishedGradleVersions - Gradle version information cache is out-of-date. Trying to update.
2025-03-29 13:36:33,020 [Worker-4: Building] INFO  o.e.m.c.i.embedder.EclipseLogger - Using 'UTF-8' encoding to copy filtered resources.
2025-03-29 13:36:33,068 [Worker-4: Building] INFO  o.e.m.c.i.embedder.EclipseLogger - Copying 2 resources
2025-03-29 13:36:33,162 [Worker-4: Building] INFO  o.e.m.c.i.embedder.EclipseLogger - Copying 1 resource
2025-03-29 13:36:33,204 [Worker-4: Building] INFO  o.e.m.c.i.embedder.EclipseLogger - Using 'UTF-8' encoding to copy filtered resources.
2025-03-29 13:36:33,205 [Worker-4: Building] INFO  o.e.m.c.i.embedder.EclipseLogger - skip non existing resourceDirectory D:\devsuperior\expert\modulo1\projeto\dscatalog\src\test\resources
2025-03-29 13:37:33,479 [Worker-17: Building] INFO  o.e.m.c.i.embedder.EclipseLogger - Using 'UTF-8' encoding to copy filtered resources.
2025-03-29 13:37:33,662 [Worker-17: Building] INFO  o.e.m.c.i.embedder.EclipseLogger - Copying 2 resources
2025-03-29 13:37:33,702 [Worker-17: Building] INFO  o.e.m.c.i.embedder.EclipseLogger - Copying 1 resource
2025-03-29 13:37:33,710 [Worker-17: Building] INFO  o.e.m.c.i.embedder.EclipseLogger - Using 'UTF-8' encoding to copy filtered resources.
2025-03-29 13:37:33,711 [Worker-17: Building] INFO  o.e.m.c.i.embedder.EclipseLogger - skip non existing resourceDirectory D:\devsuperior\expert\modulo1\projeto\dscatalog\src\test\resources
2025-03-29 13:38:38,906 [Worker-12: Building] INFO  o.e.m.c.i.embedder.EclipseLogger - Using 'UTF-8' encoding to copy filtered resources.
2025-03-29 13:38:38,910 [Worker-12: Building] INFO  o.e.m.c.i.embedder.EclipseLogger - Copying 2 resources
2025-03-29 13:38:38,915 [Worker-12: Building] INFO  o.e.m.c.i.embedder.EclipseLogger - Copying 1 resource
2025-03-29 13:38:38,921 [Worker-12: Building] INFO  o.e.m.c.i.embedder.EclipseLogger - Using 'UTF-8' encoding to copy filtered resources.
2025-03-29 13:38:38,921 [Worker-12: Building] INFO  o.e.m.c.i.embedder.EclipseLogger - skip non existing resourceDirectory D:\devsuperior\expert\modulo1\projeto\dscatalog\src\test\resources
2025-03-29 13:39:29,883 [Worker-1: Building] INFO  o.e.m.c.i.embedder.EclipseLogger - Using 'UTF-8' encoding to copy filtered resources.
2025-03-29 13:39:29,886 [Worker-1: Building] INFO  o.e.m.c.i.embedder.EclipseLogger - Copying 2 resources
2025-03-29 13:39:29,890 [Worker-1: Building] INFO  o.e.m.c.i.embedder.EclipseLogger - Copying 1 resource
2025-03-29 13:39:29,897 [Worker-1: Building] INFO  o.e.m.c.i.embedder.EclipseLogger - Using 'UTF-8' encoding to copy filtered resources.
2025-03-29 13:39:29,897 [Worker-1: Building] INFO  o.e.m.c.i.embedder.EclipseLogger - skip non existing resourceDirectory D:\devsuperior\expert\modulo1\projeto\dscatalog\src\test\resources
2025-03-29 13:40:29,557 [Worker-17: Building] INFO  o.e.m.c.i.embedder.EclipseLogger - Using 'UTF-8' encoding to copy filtered resources.
2025-03-29 13:40:29,559 [Worker-17: Building] INFO  o.e.m.c.i.embedder.EclipseLogger - Copying 2 resources
2025-03-29 13:40:29,563 [Worker-17: Building] INFO  o.e.m.c.i.embedder.EclipseLogger - Copying 1 resource
2025-03-29 13:40:29,570 [Worker-17: Building] INFO  o.e.m.c.i.embedder.EclipseLogger - Using 'UTF-8' encoding to copy filtered resources.
2025-03-29 13:40:29,570 [Worker-17: Building] INFO  o.e.m.c.i.embedder.EclipseLogger - skip non existing resourceDirectory D:\devsuperior\expert\modulo1\projeto\dscatalog\src\test\resources
2025-03-29 13:43:40,657 [Worker-18: Building] INFO  o.e.m.c.i.embedder.EclipseLogger - Using 'UTF-8' encoding to copy filtered resources.
2025-03-29 13:43:40,658 [Worker-18: Building] INFO  o.e.m.c.i.embedder.EclipseLogger - Copying 2 resources
2025-03-29 13:43:40,662 [Worker-18: Building] INFO  o.e.m.c.i.embedder.EclipseLogger - Copying 1 resource
2025-03-29 13:43:40,716 [Worker-18: Building] INFO  o.e.m.c.i.embedder.EclipseLogger - Using 'UTF-8' encoding to copy filtered resources.
2025-03-29 13:43:40,717 [Worker-18: Building] INFO  o.e.m.c.i.embedder.EclipseLogger - skip non existing resourceDirectory D:\devsuperior\expert\modulo1\projeto\dscatalog\src\test\resources
2025-03-29 13:44:19,199 [Worker-23: Building] INFO  o.e.m.c.i.embedder.EclipseLogger - Using 'UTF-8' encoding to copy filtered resources.
2025-03-29 13:44:19,202 [Worker-23: Building] INFO  o.e.m.c.i.embedder.EclipseLogger - Copying 2 resources
2025-03-29 13:44:19,207 [Worker-23: Building] INFO  o.e.m.c.i.embedder.EclipseLogger - Copying 1 resource
2025-03-29 13:44:19,211 [Worker-23: Building] INFO  o.e.m.c.i.embedder.EclipseLogger - Using 'UTF-8' encoding to copy filtered resources.
2025-03-29 13:44:19,211 [Worker-23: Building] INFO  o.e.m.c.i.embedder.EclipseLogger - skip non existing resourceDirectory D:\devsuperior\expert\modulo1\projeto\dscatalog\src\test\resources
2025-03-29 13:47:24,224 [Worker-30: Building] INFO  o.e.m.c.i.embedder.EclipseLogger - Using 'UTF-8' encoding to copy filtered resources.
2025-03-29 13:47:24,271 [Worker-30: Building] INFO  o.e.m.c.i.embedder.EclipseLogger - Copying 2 resources
2025-03-29 13:47:24,278 [Worker-30: Building] INFO  o.e.m.c.i.embedder.EclipseLogger - Copying 1 resource
2025-03-29 13:47:24,286 [Worker-30: Building] INFO  o.e.m.c.i.embedder.EclipseLogger - Using 'UTF-8' encoding to copy filtered resources.
2025-03-29 13:47:24,286 [Worker-30: Building] INFO  o.e.m.c.i.embedder.EclipseLogger - skip non existing resourceDirectory D:\devsuperior\expert\modulo1\projeto\dscatalog\src\test\resources
2025-03-29 13:47:48,103 [Worker-33: Building] INFO  o.e.m.c.i.embedder.EclipseLogger - Using 'UTF-8' encoding to copy filtered resources.
2025-03-29 13:47:48,105 [Worker-33: Building] INFO  o.e.m.c.i.embedder.EclipseLogger - Copying 2 resources
2025-03-29 13:47:48,108 [Worker-33: Building] INFO  o.e.m.c.i.embedder.EclipseLogger - Copying 1 resource
2025-03-29 13:47:48,113 [Worker-33: Building] INFO  o.e.m.c.i.embedder.EclipseLogger - Using 'UTF-8' encoding to copy filtered resources.
2025-03-29 13:47:48,113 [Worker-33: Building] INFO  o.e.m.c.i.embedder.EclipseLogger - skip non existing resourceDirectory D:\devsuperior\expert\modulo1\projeto\dscatalog\src\test\resources
2025-03-29 13:47:51,754 [Worker-30: Building] INFO  o.e.m.c.i.embedder.EclipseLogger - Using 'UTF-8' encoding to copy filtered resources.
2025-03-29 13:47:51,756 [Worker-30: Building] INFO  o.e.m.c.i.embedder.EclipseLogger - Copying 2 resources
2025-03-29 13:47:51,759 [Worker-30: Building] INFO  o.e.m.c.i.embedder.EclipseLogger - Copying 1 resource
2025-03-29 13:47:51,763 [Worker-30: Building] INFO  o.e.m.c.i.embedder.EclipseLogger - Using 'UTF-8' encoding to copy filtered resources.
2025-03-29 13:47:51,763 [Worker-30: Building] INFO  o.e.m.c.i.embedder.EclipseLogger - skip non existing resourceDirectory D:\devsuperior\expert\modulo1\projeto\dscatalog\src\test\resources
2025-03-29 13:48:14,604 [Worker-27: Building] INFO  o.e.m.c.i.embedder.EclipseLogger - Using 'UTF-8' encoding to copy filtered resources.
2025-03-29 13:48:14,605 [Worker-27: Building] INFO  o.e.m.c.i.embedder.EclipseLogger - Copying 2 resources
2025-03-29 13:48:14,608 [Worker-27: Building] INFO  o.e.m.c.i.embedder.EclipseLogger - Copying 1 resource
2025-03-29 13:48:14,612 [Worker-27: Building] INFO  o.e.m.c.i.embedder.EclipseLogger - Using 'UTF-8' encoding to copy filtered resources.
2025-03-29 13:48:14,612 [Worker-27: Building] INFO  o.e.m.c.i.embedder.EclipseLogger - skip non existing resourceDirectory D:\devsuperior\expert\modulo1\projeto\dscatalog\src\test\resources
2025-03-29 13:48:35,230 [Worker-31: Building] INFO  o.e.m.c.i.embedder.EclipseLogger - Using 'UTF-8' encoding to copy filtered resources.
2025-03-29 13:48:35,232 [Worker-31: Building] INFO  o.e.m.c.i.embedder.EclipseLogger - Copying 2 resources
2025-03-29 13:48:35,235 [Worker-31: Building] INFO  o.e.m.c.i.embedder.EclipseLogger - Copying 1 resource
2025-03-29 13:48:35,238 [Worker-31: Building] INFO  o.e.m.c.i.embedder.EclipseLogger - Using 'UTF-8' encoding to copy filtered resources.
2025-03-29 13:48:35,238 [Worker-31: Building] INFO  o.e.m.c.i.embedder.EclipseLogger - skip non existing resourceDirectory D:\devsuperior\expert\modulo1\projeto\dscatalog\src\test\resources
2025-03-29 13:59:08,931 [Worker-34: Building] INFO  o.e.m.c.i.embedder.EclipseLogger - Using 'UTF-8' encoding to copy filtered resources.
2025-03-29 13:59:08,932 [Worker-34: Building] INFO  o.e.m.c.i.embedder.EclipseLogger - Copying 2 resources
